message,true_labels,pred_labels,shap_values,lime_weights
360 100 ዋጋ፦ 300 ብር ውስን ፍሬ ነው ያለው አድራሻ ቢሮ ቁ S05S06 0902660722 0928460606 በTelegram ለማዘዝ ይጠቀሙ ለተጨማሪ ማብራሪያ የቴሌግራም ገፃችን,"O, O, I-PRICE, B-PRICE, I-PRICE, O, O, O, O, O, B-LOC, O, B-LOC, O, O, O, O, O, O, O, O, O","O, O, I-PRICE, B-PRICE, I-PRICE, O, O, O, O, O, B-LOC, O, B-LOC, O, O, O, O, O, O, O, O, O","[[[ 2.38186251e-02 -1.82595151e-02  2.14606228e-02 -1.36965448e-02
    4.46994323e-03 -7.01594353e-03 -3.23611293e-02]
  [ 2.19838750e-02  4.90971189e-03  1.21210397e-02 -1.44354999e-07
   -6.91341450e-02 -3.91444936e-02 -3.90314143e-02]
  [-2.33773906e-02 -4.12154393e-02 -2.65811222e-02 -4.34095208e-02
    5.03054699e-02 -1.15305372e-02 -2.02950016e-02]
  [-2.33773906e-02 -4.12154393e-02 -2.65811222e-02 -4.34095208e-02
    5.03054699e-02 -1.15305372e-02 -2.02950016e-02]
  [-4.00191788e-02 -4.45962977e-03  1.04755785e-02 -4.21581790e-04
    2.13099247e-02 -1.29337478e-02 -4.03482933e-02]
  [-4.00191788e-02 -4.45962977e-03  1.04755785e-02 -4.21581790e-04
    2.13099247e-02 -1.29337478e-02 -4.03482933e-02]
  [-7.72040579e-02  5.77661218e-02  2.75639271e-02  2.03896593e-02
   -5.41175878e-02 -5.39101548e-02 -6.87000323e-02]
  [-7.72040579e-02  5.77661218e-02  2.75639271e-02  2.03896593e-02
   -5.41175878e-02 -5.39101548e-02 -6.87000323e-02]
  [-4.93343361e-03 -5.98222110e-03  3.00972509e-02 -2.18232861e-02
    9.15425573e-02 -1.00998045e-02  5.54476120e-03]
  [ 2.91073136e-03 -4.62551014e-02  5.84448721e-02 -3.91258923e-02
    1.95197536e-01  1.10682561e-02 -1.03201531e-03]
  [-3.01885046e-03 -3.26241087e-03  6.64950654e-03 -9.32077784e-03
    1.34597472e-02  4.64980071e-03 -6.21030666e-03]
  [-3.01885046e-03 -3.26241087e-03  6.64950654e-03 -9.32077784e-03
    1.34597472e-02  4.64980071e-03 -6.21030666e-03]
  [-1.81099288e-02  2.87708202e-02 -1.25904903e-02  8.00449401e-03
   -3.33134537e-02  6.80660969e-03  3.22240405e-03]
  [-1.81099288e-02  2.87708202e-02 -1.25904903e-02  8.00449401e-03
   -3.33134537e-02  6.80660969e-03  3.22240405e-03]
  [-2.10380629e-02  2.73812274e-02 -1.99465160e-02  8.42385180e-03
   -3.13618840e-02  9.10974434e-03 -2.12582182e-02]
  [-2.10380629e-02  2.73812274e-02 -1.99465160e-02  8.42385180e-03
   -3.13618840e-02  9.10974434e-03 -2.12582182e-02]
  [ 1.80379273e-02 -2.89704007e-02 -2.17654417e-02 -1.28329598e-02
    5.12597093e-03  6.07097145e-02  1.10086546e-02]
  [ 1.80379273e-02 -2.89704007e-02 -2.17654417e-02 -1.28329598e-02
    5.12597093e-03  6.07097145e-02  1.10086546e-02]
  [ 1.53987771e-02 -3.56764914e-02 -2.46761740e-02 -7.28683891e-03
    2.30589552e-02  7.40354206e-02  3.42682675e-02]
  [ 1.53987771e-02 -3.56764914e-02 -2.46761740e-02 -7.28683891e-03
    2.30589552e-02  7.40354206e-02  3.42682675e-02]
  [ 3.01190931e-02 -2.48868222e-02 -1.55472600e-02 -1.08814563e-02
    1.60368429e-02  4.52710097e-02  1.21365659e-02]
  [ 3.01190931e-02 -2.48868222e-02 -1.55472600e-02 -1.08814563e-02
    1.60368429e-02  4.52710097e-02  1.21365659e-02]
  [ 3.01190931e-02 -2.48868222e-02 -1.55472600e-02 -1.08814563e-02
    1.60368429e-02  4.52710097e-02  1.21365659e-02]
  [ 3.01190931e-02 -2.48868222e-02 -1.55472600e-02 -1.08814563e-02
    1.60368429e-02  4.52710097e-02  1.21365659e-02]
  [ 4.33694957e-02 -1.80970315e-02 -1.33723721e-02 -6.48580752e-03
    1.63902365e-02  2.95436683e-02 -8.12565076e-03]
  [ 4.33694957e-02 -1.80970315e-02 -1.33723721e-02 -6.48580752e-03
    1.63902365e-02  2.95436683e-02 -8.12565076e-03]
  [ 4.33694957e-02 -1.80970315e-02 -1.33723721e-02 -6.48580752e-03
    1.63902365e-02  2.95436683e-02 -8.12565076e-03]
  [ 4.33694957e-02 -1.80970315e-02 -1.33723721e-02 -6.48580752e-03
    1.63902365e-02  2.95436683e-02 -8.12565076e-03]
  [ 4.33694957e-02 -1.80970315e-02 -1.33723721e-02 -6.48580752e-03
    1.63902365e-02  2.95436683e-02 -8.12565076e-03]
  [ 4.58240035e-02  7.49053059e-03 -5.93814870e-03 -9.96159262e-03
   -3.77259111e-03 -8.03095161e-03  5.33151073e-03]
  [ 4.58240035e-02  7.49053059e-03 -5.93814870e-03 -9.96159262e-03
   -3.77259111e-03 -8.03095161e-03  5.33151073e-03]
  [ 4.58240035e-02  7.49053059e-03 -5.93814870e-03 -9.96159262e-03
   -3.77259111e-03 -8.03095161e-03  5.33151073e-03]
  [ 4.45104003e-02  7.57969200e-03 -8.56887878e-03 -8.82329338e-03
   -6.68264408e-03 -1.12577909e-02  3.16359791e-03]
  [ 4.45104003e-02  7.57969200e-03 -8.56887878e-03 -8.82329338e-03
   -6.68264408e-03 -1.12577909e-02  3.16359791e-03]
  [ 4.45104003e-02  7.57969200e-03 -8.56887878e-03 -8.82329338e-03
   -6.68264408e-03 -1.12577909e-02  3.16359791e-03]
  [ 4.45104003e-02  7.57969200e-03 -8.56887878e-03 -8.82329338e-03
   -6.68264408e-03 -1.12577909e-02  3.16359791e-03]
  [ 6.19068248e-02 -3.53395706e-03  7.61936790e-03 -1.59886470e-02
    1.97783962e-02  1.48851343e-03  7.27213034e-03]
  [ 6.19068248e-02 -3.53395706e-03  7.61936790e-03 -1.59886470e-02
    1.97783962e-02  1.48851343e-03  7.27213034e-03]
  [ 6.19068248e-02 -3.53395706e-03  7.61936790e-03 -1.59886470e-02
    1.97783962e-02  1.48851343e-03  7.27213034e-03]
  [ 6.19068248e-02 -3.53395706e-03  7.61936790e-03 -1.59886470e-02
    1.97783962e-02  1.48851343e-03  7.27213034e-03]
  [ 2.67851269e-02  1.72189795e-02  6.32417759e-03 -8.05053394e-03
   -1.96397339e-02 -2.94478546e-02 -9.58379870e-03]
  [ 2.67851269e-02  1.72189795e-02  6.32417759e-03 -8.05053394e-03
   -1.96397339e-02 -2.94478546e-02 -9.58379870e-03]
  [ 2.67851269e-02  1.72189795e-02  6.32417759e-03 -8.05053394e-03
   -1.96397339e-02 -2.94478546e-02 -9.58379870e-03]
  [ 2.67851269e-02  1.72189795e-02  6.32417759e-03 -8.05053394e-03
   -1.96397339e-02 -2.94478546e-02 -9.58379870e-03]
  [-2.76778235e-02  2.06169876e-02  1.20653363e-02  5.92442354e-03
   -5.69819830e-02 -2.24398448e-02 -3.44873373e-02]
  [-2.76778235e-02  2.06169876e-02  1.20653363e-02  5.92442354e-03
   -5.69819830e-02 -2.24398448e-02 -3.44873373e-02]
  [-3.86511280e-02  3.24288326e-02  2.66313423e-02  4.18514137e-03
   -7.25417783e-02 -5.16211482e-02 -5.39127332e-02]
  [-3.86511280e-02  3.24288326e-02  2.66313423e-02  4.18514137e-03
   -7.25417783e-02 -5.16211482e-02 -5.39127332e-02]
  [ 2.40197455e-02 -2.58484796e-02  2.87100013e-03 -1.29621389e-02
    3.73286332e-02  4.00730182e-02 -5.11067081e-03]
  [ 2.40197455e-02 -2.58484796e-02  2.87100013e-03 -1.29621389e-02
    3.73286332e-02  4.00730182e-02 -5.11067081e-03]]]","[(np.str_('ለማዘዝ'), 0.0038517796896257966), (np.str_('ነው'), -0.003462156172966315), (np.str_('ቢሮ'), -0.0034003811837285697), (np.str_('ያለው'), 0.003378373305046888), (np.str_('ቁ'), 0.0031269859473259673), (np.str_('ገፃችን'), -0.003113808874719573), (np.str_('አድራሻ'), 0.0030857577739177564), (np.str_('S05S06'), -0.0027617264135474796), (np.str_('ለተጨማሪ'), 0.0026492406066173646), (np.str_('ይጠቀሙ'), -0.0021585533205383187)]"
360 100 ዋጋ፦ 300 ብር ውስን ፍሬ ነው ያለው አድራሻ ቢሮ ቁ S05S06 0902660722 0928460606 በTelegram ለማዘዝ ይጠቀሙ ለተጨማሪ ማብራሪያ የቴሌግራም ገፃችን,"O, O, I-PRICE, B-PRICE, I-PRICE, O, O, O, O, O, B-LOC, O, B-LOC, O, O, O, O, O, O, O, O, O","O, O, I-PRICE, B-PRICE, I-PRICE, O, O, O, O, O, B-LOC, O, B-LOC, O, O, O, O, O, O, O, O, O","[[[ 2.38186251e-02 -1.82595151e-02  2.14606228e-02 -1.36965448e-02
    4.46994323e-03 -7.01594353e-03 -3.23611293e-02]
  [ 2.19838750e-02  4.90971189e-03  1.21210397e-02 -1.44354999e-07
   -6.91341450e-02 -3.91444936e-02 -3.90314143e-02]
  [-2.33773906e-02 -4.12154393e-02 -2.65811222e-02 -4.34095208e-02
    5.03054699e-02 -1.15305372e-02 -2.02950016e-02]
  [-2.33773906e-02 -4.12154393e-02 -2.65811222e-02 -4.34095208e-02
    5.03054699e-02 -1.15305372e-02 -2.02950016e-02]
  [-4.00191788e-02 -4.45962977e-03  1.04755785e-02 -4.21581790e-04
    2.13099247e-02 -1.29337478e-02 -4.03482933e-02]
  [-4.00191788e-02 -4.45962977e-03  1.04755785e-02 -4.21581790e-04
    2.13099247e-02 -1.29337478e-02 -4.03482933e-02]
  [-7.72040579e-02  5.77661218e-02  2.75639271e-02  2.03896593e-02
   -5.41175878e-02 -5.39101548e-02 -6.87000323e-02]
  [-7.72040579e-02  5.77661218e-02  2.75639271e-02  2.03896593e-02
   -5.41175878e-02 -5.39101548e-02 -6.87000323e-02]
  [-4.93343361e-03 -5.98222110e-03  3.00972509e-02 -2.18232861e-02
    9.15425573e-02 -1.00998045e-02  5.54476120e-03]
  [ 2.91073136e-03 -4.62551014e-02  5.84448721e-02 -3.91258923e-02
    1.95197536e-01  1.10682561e-02 -1.03201531e-03]
  [-3.01885046e-03 -3.26241087e-03  6.64950654e-03 -9.32077784e-03
    1.34597472e-02  4.64980071e-03 -6.21030666e-03]
  [-3.01885046e-03 -3.26241087e-03  6.64950654e-03 -9.32077784e-03
    1.34597472e-02  4.64980071e-03 -6.21030666e-03]
  [-1.81099288e-02  2.87708202e-02 -1.25904903e-02  8.00449401e-03
   -3.33134537e-02  6.80660969e-03  3.22240405e-03]
  [-1.81099288e-02  2.87708202e-02 -1.25904903e-02  8.00449401e-03
   -3.33134537e-02  6.80660969e-03  3.22240405e-03]
  [-2.10380629e-02  2.73812274e-02 -1.99465160e-02  8.42385180e-03
   -3.13618840e-02  9.10974434e-03 -2.12582182e-02]
  [-2.10380629e-02  2.73812274e-02 -1.99465160e-02  8.42385180e-03
   -3.13618840e-02  9.10974434e-03 -2.12582182e-02]
  [ 1.80379273e-02 -2.89704007e-02 -2.17654417e-02 -1.28329598e-02
    5.12597093e-03  6.07097145e-02  1.10086546e-02]
  [ 1.80379273e-02 -2.89704007e-02 -2.17654417e-02 -1.28329598e-02
    5.12597093e-03  6.07097145e-02  1.10086546e-02]
  [ 1.53987771e-02 -3.56764914e-02 -2.46761740e-02 -7.28683891e-03
    2.30589552e-02  7.40354206e-02  3.42682675e-02]
  [ 1.53987771e-02 -3.56764914e-02 -2.46761740e-02 -7.28683891e-03
    2.30589552e-02  7.40354206e-02  3.42682675e-02]
  [ 3.01190931e-02 -2.48868222e-02 -1.55472600e-02 -1.08814563e-02
    1.60368429e-02  4.52710097e-02  1.21365659e-02]
  [ 3.01190931e-02 -2.48868222e-02 -1.55472600e-02 -1.08814563e-02
    1.60368429e-02  4.52710097e-02  1.21365659e-02]
  [ 3.01190931e-02 -2.48868222e-02 -1.55472600e-02 -1.08814563e-02
    1.60368429e-02  4.52710097e-02  1.21365659e-02]
  [ 3.01190931e-02 -2.48868222e-02 -1.55472600e-02 -1.08814563e-02
    1.60368429e-02  4.52710097e-02  1.21365659e-02]
  [ 4.33694957e-02 -1.80970315e-02 -1.33723721e-02 -6.48580752e-03
    1.63902365e-02  2.95436683e-02 -8.12565076e-03]
  [ 4.33694957e-02 -1.80970315e-02 -1.33723721e-02 -6.48580752e-03
    1.63902365e-02  2.95436683e-02 -8.12565076e-03]
  [ 4.33694957e-02 -1.80970315e-02 -1.33723721e-02 -6.48580752e-03
    1.63902365e-02  2.95436683e-02 -8.12565076e-03]
  [ 4.33694957e-02 -1.80970315e-02 -1.33723721e-02 -6.48580752e-03
    1.63902365e-02  2.95436683e-02 -8.12565076e-03]
  [ 4.33694957e-02 -1.80970315e-02 -1.33723721e-02 -6.48580752e-03
    1.63902365e-02  2.95436683e-02 -8.12565076e-03]
  [ 4.58240035e-02  7.49053059e-03 -5.93814870e-03 -9.96159262e-03
   -3.77259111e-03 -8.03095161e-03  5.33151073e-03]
  [ 4.58240035e-02  7.49053059e-03 -5.93814870e-03 -9.96159262e-03
   -3.77259111e-03 -8.03095161e-03  5.33151073e-03]
  [ 4.58240035e-02  7.49053059e-03 -5.93814870e-03 -9.96159262e-03
   -3.77259111e-03 -8.03095161e-03  5.33151073e-03]
  [ 4.45104003e-02  7.57969200e-03 -8.56887878e-03 -8.82329338e-03
   -6.68264408e-03 -1.12577909e-02  3.16359791e-03]
  [ 4.45104003e-02  7.57969200e-03 -8.56887878e-03 -8.82329338e-03
   -6.68264408e-03 -1.12577909e-02  3.16359791e-03]
  [ 4.45104003e-02  7.57969200e-03 -8.56887878e-03 -8.82329338e-03
   -6.68264408e-03 -1.12577909e-02  3.16359791e-03]
  [ 4.45104003e-02  7.57969200e-03 -8.56887878e-03 -8.82329338e-03
   -6.68264408e-03 -1.12577909e-02  3.16359791e-03]
  [ 6.19068248e-02 -3.53395706e-03  7.61936790e-03 -1.59886470e-02
    1.97783962e-02  1.48851343e-03  7.27213034e-03]
  [ 6.19068248e-02 -3.53395706e-03  7.61936790e-03 -1.59886470e-02
    1.97783962e-02  1.48851343e-03  7.27213034e-03]
  [ 6.19068248e-02 -3.53395706e-03  7.61936790e-03 -1.59886470e-02
    1.97783962e-02  1.48851343e-03  7.27213034e-03]
  [ 6.19068248e-02 -3.53395706e-03  7.61936790e-03 -1.59886470e-02
    1.97783962e-02  1.48851343e-03  7.27213034e-03]
  [ 2.67851269e-02  1.72189795e-02  6.32417759e-03 -8.05053394e-03
   -1.96397339e-02 -2.94478546e-02 -9.58379870e-03]
  [ 2.67851269e-02  1.72189795e-02  6.32417759e-03 -8.05053394e-03
   -1.96397339e-02 -2.94478546e-02 -9.58379870e-03]
  [ 2.67851269e-02  1.72189795e-02  6.32417759e-03 -8.05053394e-03
   -1.96397339e-02 -2.94478546e-02 -9.58379870e-03]
  [ 2.67851269e-02  1.72189795e-02  6.32417759e-03 -8.05053394e-03
   -1.96397339e-02 -2.94478546e-02 -9.58379870e-03]
  [-2.76778235e-02  2.06169876e-02  1.20653363e-02  5.92442354e-03
   -5.69819830e-02 -2.24398448e-02 -3.44873373e-02]
  [-2.76778235e-02  2.06169876e-02  1.20653363e-02  5.92442354e-03
   -5.69819830e-02 -2.24398448e-02 -3.44873373e-02]
  [-3.86511280e-02  3.24288326e-02  2.66313423e-02  4.18514137e-03
   -7.25417783e-02 -5.16211482e-02 -5.39127332e-02]
  [-3.86511280e-02  3.24288326e-02  2.66313423e-02  4.18514137e-03
   -7.25417783e-02 -5.16211482e-02 -5.39127332e-02]
  [ 2.40197455e-02 -2.58484796e-02  2.87100013e-03 -1.29621389e-02
    3.73286332e-02  4.00730182e-02 -5.11067081e-03]
  [ 2.40197455e-02 -2.58484796e-02  2.87100013e-03 -1.29621389e-02
    3.73286332e-02  4.00730182e-02 -5.11067081e-03]]]","[(np.str_('ቢሮ'), -0.004397342904000166), (np.str_('ቁ'), 0.003993918490243172), (np.str_('የቴሌግራም'), -0.003823977917398964), (np.str_('ያለው'), 0.003553568441110843), (np.str_('360'), 0.002983325081433319), (np.str_('ገፃችን'), -0.0028741282489424405), (np.str_('ይጠቀሙ'), -0.0027808749509712393), (np.str_('ለማዘዝ'), 0.002216219739840552), (np.str_('ነው'), -0.0020955751848152912), (np.str_('ፍሬ'), 0.0020625569247789384)]"
ዋጋ፦ 250 ብር ውስን ፍሬ ነው ያለው አድራሻ ቢሮ ቁ S05S06 0902660722 0928460606 በTelegram ለማዘዝ ይጠቀሙ ለተጨማሪ ማብራሪያ የቴሌግራም ገፃችን,"I-PRICE, B-PRICE, I-PRICE, O, O, O, O, O, B-LOC, O, B-LOC, O, O, O, O, O, O, O, O, O","I-PRICE, B-PRICE, I-PRICE, O, O, O, O, O, B-LOC, O, B-LOC, O, O, O, O, O, O, O, O, O","[[[-4.78020255e-02  1.82516808e-02  3.26033554e-03  3.10216984e-03
   -4.36100387e-03 -2.96276433e-02 -2.43522585e-02]
  [-4.78020255e-02  1.82516808e-02  3.26033554e-03  3.10216984e-03
   -4.36100387e-03 -2.96276433e-02 -2.43522585e-02]
  [-4.93912119e-02  1.53713683e-02  8.14972678e-04  4.87675471e-03
   -4.25493089e-03 -2.46200075e-02 -2.45621377e-02]
  [-4.93912119e-02  1.53713683e-02  8.14972678e-04  4.87675471e-03
   -4.25493089e-03 -2.46200075e-02 -2.45621377e-02]
  [-3.64305675e-02  1.69059541e-03  4.86207387e-03 -3.77407903e-03
    4.56345326e-02 -4.69978503e-03  3.28883063e-04]
  [-3.64305675e-02  1.69059541e-03  4.86207387e-03 -3.77407903e-03
    4.56345326e-02 -4.69978503e-03  3.28883063e-04]
  [-2.54744925e-02 -2.05868455e-02  4.49705526e-03  6.05303328e-04
    1.44604957e-01  4.24589275e-02  4.12656902e-02]
  [-2.54744925e-02 -2.05868455e-02  4.49705526e-03  6.05303328e-04
    1.44604957e-01  4.24589275e-02  4.12656902e-02]
  [-6.53721765e-03 -1.12227825e-02 -2.56882687e-03 -1.52681745e-02
    2.88879010e-03  5.48319728e-03 -2.30736639e-02]
  [-6.53721765e-03 -1.12227825e-02 -2.56882687e-03 -1.52681745e-02
    2.88879010e-03  5.48319728e-03 -2.30736639e-02]
  [-6.53721765e-03 -1.12227825e-02 -2.56882687e-03 -1.52681745e-02
    2.88879010e-03  5.48319728e-03 -2.30736639e-02]
  [-6.53721765e-03 -1.12227825e-02 -2.56882687e-03 -1.52681745e-02
    2.88879010e-03  5.48319728e-03 -2.30736639e-02]
  [ 1.35669447e-02 -2.51605986e-02 -2.02742387e-02 -1.92811131e-02
    7.37721636e-03  4.94988228e-02 -1.80397313e-02]
  [ 1.35669447e-02 -2.51605986e-02 -2.02742387e-02 -1.92811131e-02
    7.37721636e-03  4.94988228e-02 -1.80397313e-02]
  [ 1.35669447e-02 -2.51605986e-02 -2.02742387e-02 -1.92811131e-02
    7.37721636e-03  4.94988228e-02 -1.80397313e-02]
  [ 1.35669447e-02 -2.51605986e-02 -2.02742387e-02 -1.92811131e-02
    7.37721636e-03  4.94988228e-02 -1.80397313e-02]
  [ 1.33362508e-02 -7.55890339e-03 -1.22000317e-02  1.20982860e-04
    1.13928390e-02  3.78274775e-02  1.77515649e-02]
  [ 1.33362508e-02 -7.55890339e-03 -1.22000317e-02  1.20982860e-04
    1.13928390e-02  3.78274775e-02  1.77515649e-02]
  [ 1.33362508e-02 -7.55890339e-03 -1.22000317e-02  1.20982860e-04
    1.13928390e-02  3.78274775e-02  1.77515649e-02]
  [ 1.33362508e-02 -7.55890339e-03 -1.22000317e-02  1.20982860e-04
    1.13928390e-02  3.78274775e-02  1.77515649e-02]
  [ 1.83843060e-02 -1.15356489e-02 -5.92288516e-03 -3.10162608e-03
    1.26032775e-02  2.99585450e-02  5.17766151e-03]
  [ 1.83843060e-02 -1.15356489e-02 -5.92288516e-03 -3.10162608e-03
    1.26032775e-02  2.99585450e-02  5.17766151e-03]
  [ 1.83843060e-02 -1.15356489e-02 -5.92288516e-03 -3.10162608e-03
    1.26032775e-02  2.99585450e-02  5.17766151e-03]
  [ 1.83843060e-02 -1.15356489e-02 -5.92288516e-03 -3.10162608e-03
    1.26032775e-02  2.99585450e-02  5.17766151e-03]
  [ 6.98173372e-02 -2.89251845e-02 -1.80952642e-02 -2.45903297e-02
    2.85294781e-02  5.13043823e-02 -1.35177665e-02]
  [ 6.98173372e-02 -2.89251845e-02 -1.80952642e-02 -2.45903297e-02
    2.85294781e-02  5.13043823e-02 -1.35177665e-02]
  [ 1.22711838e-01 -6.03744913e-02 -2.23798967e-02 -3.63276792e-02
    7.80996275e-02  9.35559581e-02  3.79040066e-03]
  [ 9.35954721e-02 -2.12900294e-02 -2.92428605e-03 -3.49854962e-02
    1.40301934e-02  2.73002979e-02 -1.06728967e-02]
  [ 9.35954721e-02 -2.12900294e-02 -2.92428605e-03 -3.49854962e-02
    1.40301934e-02  2.73002979e-02 -1.06728967e-02]
  [ 9.35954721e-02 -2.12900294e-02 -2.92428605e-03 -3.49854962e-02
    1.40301934e-02  2.73002979e-02 -1.06728967e-02]
  [ 2.11774409e-02 -4.56923991e-03 -1.07247531e-03 -8.08193255e-03
   -2.22868903e-03 -6.77072769e-03 -2.35244688e-02]
  [ 2.11774409e-02 -4.56923991e-03 -1.07247531e-03 -8.08193255e-03
   -2.22868903e-03 -6.77072769e-03 -2.35244688e-02]
  [ 4.59381044e-02  1.27824098e-02 -2.10754123e-02 -1.05416523e-02
   -9.59098233e-02 -4.49360674e-03 -6.92850910e-03]
  [ 4.59381044e-02  1.27824098e-02 -2.10754123e-02 -1.05416523e-02
   -9.59098233e-02 -4.49360674e-03 -6.92850910e-03]
  [ 6.00653403e-02 -8.51495191e-04  1.55308749e-02 -2.28011338e-02
   -8.43513932e-03 -9.52371722e-03 -1.56420004e-02]
  [ 6.00653403e-02 -8.51495191e-04  1.55308749e-02 -2.28011338e-02
   -8.43513932e-03 -9.52371722e-03 -1.56420004e-02]
  [ 4.65695597e-02  3.92873399e-03  6.19751579e-03 -1.50843477e-02
    2.60502205e-03 -2.08645999e-02 -6.79425709e-03]
  [ 4.65695597e-02  3.92873399e-03  6.19751579e-03 -1.50843477e-02
    2.60502205e-03 -2.08645999e-02 -6.79425709e-03]
  [ 1.67666223e-02  3.60883497e-02  7.70292323e-03 -1.10783381e-02
   -5.39386689e-02 -9.28825390e-02 -1.35502646e-02]
  [ 1.75005641e-02  3.41629110e-02  5.02374288e-03 -1.11927455e-02
   -5.24732738e-02 -8.92204519e-02 -1.42791903e-02]
  [-2.24575367e-02  5.55047862e-02  1.34522820e-02  8.23903363e-03
   -6.40476622e-02 -7.50929963e-02 -1.97089639e-02]
  [-2.05519464e-02  2.32444800e-02  6.30319663e-03  1.05438558e-02
   -2.99225253e-03 -2.40696173e-02  2.94420980e-03]
  [-3.04784449e-02  2.46823889e-02  1.46366392e-02  9.52139621e-03
   -5.59175812e-02 -3.39336702e-02 -2.72122024e-02]
  [-3.04784449e-02  2.46823889e-02  1.46366392e-02  9.52139621e-03
   -5.59175812e-02 -3.39336702e-02 -2.72122024e-02]
  [-3.11750929e-02  4.69315976e-02  2.78356083e-02  9.26663851e-03
   -8.28299300e-02 -6.89374664e-02 -4.09943739e-02]
  [-3.11750929e-02  4.69315976e-02  2.78356083e-02  9.26663851e-03
   -8.28299300e-02 -6.89374664e-02 -4.09943739e-02]
  [ 7.42674892e-03 -2.67142628e-02  2.66537128e-02 -1.60537890e-02
    8.65627795e-02  2.08058707e-02 -1.76582530e-02]
  [ 7.42674892e-03 -2.67142628e-02  2.66537128e-02 -1.60537890e-02
    8.65627795e-02  2.08058707e-02 -1.76582530e-02]]]","[(np.str_('ቢሮ'), -0.006100397809694716), (np.str_('S05S06'), -0.004566713772717307), (np.str_('0928460606'), -0.0035729152134620417), (np.str_('ለማዘዝ'), 0.0035213843091224644), (np.str_('ነው'), 0.002784479821220278), (np.str_('ፍሬ'), 0.0026617297858167366), (np.str_('አድራሻ'), 0.002561352534630211), (np.str_('በTelegram'), -0.0025037288407914193), (np.str_('0902660722'), -0.0023919344388244235), (np.str_('ገፃችን'), -0.00215858451543377)]"
ዋጋ፦ 250 ብር ውስን ፍሬ ነው ያለው አድራሻ ቢሮ ቁ S05S06 0902660722 0928460606 በTelegram ለማዘዝ ይጠቀሙ ለተጨማሪ ማብራሪያ የቴሌግራም ገፃችን,"I-PRICE, B-PRICE, I-PRICE, O, O, O, O, O, B-LOC, O, B-LOC, O, O, O, O, O, O, O, O, O","I-PRICE, B-PRICE, I-PRICE, O, O, O, O, O, B-LOC, O, B-LOC, O, O, O, O, O, O, O, O, O","[[[-4.78020255e-02  1.82516808e-02  3.26033554e-03  3.10216984e-03
   -4.36100387e-03 -2.96276433e-02 -2.43522585e-02]
  [-4.78020255e-02  1.82516808e-02  3.26033554e-03  3.10216984e-03
   -4.36100387e-03 -2.96276433e-02 -2.43522585e-02]
  [-4.93912119e-02  1.53713683e-02  8.14972678e-04  4.87675471e-03
   -4.25493089e-03 -2.46200075e-02 -2.45621377e-02]
  [-4.93912119e-02  1.53713683e-02  8.14972678e-04  4.87675471e-03
   -4.25493089e-03 -2.46200075e-02 -2.45621377e-02]
  [-3.64305675e-02  1.69059541e-03  4.86207387e-03 -3.77407903e-03
    4.56345326e-02 -4.69978503e-03  3.28883063e-04]
  [-3.64305675e-02  1.69059541e-03  4.86207387e-03 -3.77407903e-03
    4.56345326e-02 -4.69978503e-03  3.28883063e-04]
  [-2.54744925e-02 -2.05868455e-02  4.49705526e-03  6.05303328e-04
    1.44604957e-01  4.24589275e-02  4.12656902e-02]
  [-2.54744925e-02 -2.05868455e-02  4.49705526e-03  6.05303328e-04
    1.44604957e-01  4.24589275e-02  4.12656902e-02]
  [-6.53721765e-03 -1.12227825e-02 -2.56882687e-03 -1.52681745e-02
    2.88879010e-03  5.48319728e-03 -2.30736639e-02]
  [-6.53721765e-03 -1.12227825e-02 -2.56882687e-03 -1.52681745e-02
    2.88879010e-03  5.48319728e-03 -2.30736639e-02]
  [-6.53721765e-03 -1.12227825e-02 -2.56882687e-03 -1.52681745e-02
    2.88879010e-03  5.48319728e-03 -2.30736639e-02]
  [-6.53721765e-03 -1.12227825e-02 -2.56882687e-03 -1.52681745e-02
    2.88879010e-03  5.48319728e-03 -2.30736639e-02]
  [ 1.35669447e-02 -2.51605986e-02 -2.02742387e-02 -1.92811131e-02
    7.37721636e-03  4.94988228e-02 -1.80397313e-02]
  [ 1.35669447e-02 -2.51605986e-02 -2.02742387e-02 -1.92811131e-02
    7.37721636e-03  4.94988228e-02 -1.80397313e-02]
  [ 1.35669447e-02 -2.51605986e-02 -2.02742387e-02 -1.92811131e-02
    7.37721636e-03  4.94988228e-02 -1.80397313e-02]
  [ 1.35669447e-02 -2.51605986e-02 -2.02742387e-02 -1.92811131e-02
    7.37721636e-03  4.94988228e-02 -1.80397313e-02]
  [ 1.33362508e-02 -7.55890339e-03 -1.22000317e-02  1.20982860e-04
    1.13928390e-02  3.78274775e-02  1.77515649e-02]
  [ 1.33362508e-02 -7.55890339e-03 -1.22000317e-02  1.20982860e-04
    1.13928390e-02  3.78274775e-02  1.77515649e-02]
  [ 1.33362508e-02 -7.55890339e-03 -1.22000317e-02  1.20982860e-04
    1.13928390e-02  3.78274775e-02  1.77515649e-02]
  [ 1.33362508e-02 -7.55890339e-03 -1.22000317e-02  1.20982860e-04
    1.13928390e-02  3.78274775e-02  1.77515649e-02]
  [ 1.83843060e-02 -1.15356489e-02 -5.92288516e-03 -3.10162608e-03
    1.26032775e-02  2.99585450e-02  5.17766151e-03]
  [ 1.83843060e-02 -1.15356489e-02 -5.92288516e-03 -3.10162608e-03
    1.26032775e-02  2.99585450e-02  5.17766151e-03]
  [ 1.83843060e-02 -1.15356489e-02 -5.92288516e-03 -3.10162608e-03
    1.26032775e-02  2.99585450e-02  5.17766151e-03]
  [ 1.83843060e-02 -1.15356489e-02 -5.92288516e-03 -3.10162608e-03
    1.26032775e-02  2.99585450e-02  5.17766151e-03]
  [ 6.98173372e-02 -2.89251845e-02 -1.80952642e-02 -2.45903297e-02
    2.85294781e-02  5.13043823e-02 -1.35177665e-02]
  [ 6.98173372e-02 -2.89251845e-02 -1.80952642e-02 -2.45903297e-02
    2.85294781e-02  5.13043823e-02 -1.35177665e-02]
  [ 1.22711838e-01 -6.03744913e-02 -2.23798967e-02 -3.63276792e-02
    7.80996275e-02  9.35559581e-02  3.79040066e-03]
  [ 9.35954721e-02 -2.12900294e-02 -2.92428605e-03 -3.49854962e-02
    1.40301934e-02  2.73002979e-02 -1.06728967e-02]
  [ 9.35954721e-02 -2.12900294e-02 -2.92428605e-03 -3.49854962e-02
    1.40301934e-02  2.73002979e-02 -1.06728967e-02]
  [ 9.35954721e-02 -2.12900294e-02 -2.92428605e-03 -3.49854962e-02
    1.40301934e-02  2.73002979e-02 -1.06728967e-02]
  [ 2.11774409e-02 -4.56923991e-03 -1.07247531e-03 -8.08193255e-03
   -2.22868903e-03 -6.77072769e-03 -2.35244688e-02]
  [ 2.11774409e-02 -4.56923991e-03 -1.07247531e-03 -8.08193255e-03
   -2.22868903e-03 -6.77072769e-03 -2.35244688e-02]
  [ 4.59381044e-02  1.27824098e-02 -2.10754123e-02 -1.05416523e-02
   -9.59098233e-02 -4.49360674e-03 -6.92850910e-03]
  [ 4.59381044e-02  1.27824098e-02 -2.10754123e-02 -1.05416523e-02
   -9.59098233e-02 -4.49360674e-03 -6.92850910e-03]
  [ 6.00653403e-02 -8.51495191e-04  1.55308749e-02 -2.28011338e-02
   -8.43513932e-03 -9.52371722e-03 -1.56420004e-02]
  [ 6.00653403e-02 -8.51495191e-04  1.55308749e-02 -2.28011338e-02
   -8.43513932e-03 -9.52371722e-03 -1.56420004e-02]
  [ 4.65695597e-02  3.92873399e-03  6.19751579e-03 -1.50843477e-02
    2.60502205e-03 -2.08645999e-02 -6.79425709e-03]
  [ 4.65695597e-02  3.92873399e-03  6.19751579e-03 -1.50843477e-02
    2.60502205e-03 -2.08645999e-02 -6.79425709e-03]
  [ 1.67666223e-02  3.60883497e-02  7.70292323e-03 -1.10783381e-02
   -5.39386689e-02 -9.28825390e-02 -1.35502646e-02]
  [ 1.75005641e-02  3.41629110e-02  5.02374288e-03 -1.11927455e-02
   -5.24732738e-02 -8.92204519e-02 -1.42791903e-02]
  [-2.24575367e-02  5.55047862e-02  1.34522820e-02  8.23903363e-03
   -6.40476622e-02 -7.50929963e-02 -1.97089639e-02]
  [-2.05519464e-02  2.32444800e-02  6.30319663e-03  1.05438558e-02
   -2.99225253e-03 -2.40696173e-02  2.94420980e-03]
  [-3.04784449e-02  2.46823889e-02  1.46366392e-02  9.52139621e-03
   -5.59175812e-02 -3.39336702e-02 -2.72122024e-02]
  [-3.04784449e-02  2.46823889e-02  1.46366392e-02  9.52139621e-03
   -5.59175812e-02 -3.39336702e-02 -2.72122024e-02]
  [-3.11750929e-02  4.69315976e-02  2.78356083e-02  9.26663851e-03
   -8.28299300e-02 -6.89374664e-02 -4.09943739e-02]
  [-3.11750929e-02  4.69315976e-02  2.78356083e-02  9.26663851e-03
   -8.28299300e-02 -6.89374664e-02 -4.09943739e-02]
  [ 7.42674892e-03 -2.67142628e-02  2.66537128e-02 -1.60537890e-02
    8.65627795e-02  2.08058707e-02 -1.76582530e-02]
  [ 7.42674892e-03 -2.67142628e-02  2.66537128e-02 -1.60537890e-02
    8.65627795e-02  2.08058707e-02 -1.76582530e-02]]]","[(np.str_('ቢሮ'), -0.004658493448986079), (np.str_('S05S06'), -0.004471038483385024), (np.str_('0928460606'), -0.004267938640664963), (np.str_('ቁ'), 0.0039518982971493925), (np.str_('ለማዘዝ'), 0.0036993517275458986), (np.str_('አድራሻ'), 0.0032371646995053346), (np.str_('በTelegram'), -0.0025293965455087148), (np.str_('0902660722'), -0.0024363494715878464), (np.str_('ብር'), 0.002106603573076366), (np.str_('ያለው'), 0.0020695853720372028)]"
የሙቀት መቆጣጠሪያ ያለው ሴራሚክ ፕሌት ዋጋ፦ 1200 ብር ውስን ፍሬ ነው ያለው አድራሻ ቢሮ ቁ S05S06 0902660722 0928460606 በTelegram ለማዘዝ ይጠቀሙ ለተጨማሪ ማብራሪያ የቴሌግራም ገፃችን,"O, O, O, O, O, I-PRICE, B-PRICE, I-PRICE, O, O, O, O, O, B-LOC, O, B-LOC, O, O, O, O, O, O, O, O, O","O, O, O, O, O, I-PRICE, B-PRICE, I-PRICE, O, O, O, O, O, B-LOC, O, B-LOC, O, O, O, O, O, O, O, O, O","[[[-1.45073794e-02  3.19068069e-02 -5.23526871e-03  1.17014113e-02
   -4.42362791e-02 -4.37573185e-02  4.34615277e-03]
  [-1.45073794e-02  3.19068069e-02 -5.23526871e-03  1.17014113e-02
   -4.42362791e-02 -4.37573185e-02  4.34615277e-03]
  [-6.79027140e-02  7.92138176e-02 -4.32653032e-04  3.04103333e-02
   -9.83575061e-02 -1.13250562e-01 -1.30754896e-03]
  [-6.79027140e-02  7.92138176e-02 -4.32653032e-04  3.04103333e-02
   -9.83575061e-02 -1.13250562e-01 -1.30754896e-03]
  [ 1.45184118e-02 -9.63588338e-03 -2.83203233e-03 -6.04070094e-03
   -1.34411133e-02  1.21150846e-02 -1.33666489e-02]
  [ 1.45184118e-02 -9.63588338e-03 -2.83203233e-03 -6.04070094e-03
   -1.34411133e-02  1.21150846e-02 -1.33666489e-02]
  [ 1.45184118e-02 -9.63588338e-03 -2.83203233e-03 -6.04070094e-03
   -1.34411133e-02  1.21150846e-02 -1.33666489e-02]
  [ 1.45184118e-02 -9.63588338e-03 -2.83203233e-03 -6.04070094e-03
   -1.34411133e-02  1.21150846e-02 -1.33666489e-02]
  [ 2.73232609e-02 -1.47203198e-02  5.20076654e-03 -1.15549366e-02
    4.08426393e-03  2.07459696e-02  1.68881984e-03]
  [ 2.73232609e-02 -1.47203198e-02  5.20076654e-03 -1.15549366e-02
    4.08426393e-03  2.07459696e-02  1.68881984e-03]
  [ 2.73232609e-02 -1.47203198e-02  5.20076654e-03 -1.15549366e-02
    4.08426393e-03  2.07459696e-02  1.68881984e-03]
  [ 2.73232609e-02 -1.47203198e-02  5.20076654e-03 -1.15549366e-02
    4.08426393e-03  2.07459696e-02  1.68881984e-03]
  [ 2.54507512e-02 -1.58402184e-02  7.23719884e-03 -9.32191103e-03
    7.83845782e-04  2.22606456e-02  1.62441423e-03]
  [ 2.54507512e-02 -1.58402184e-02  7.23719884e-03 -9.32191103e-03
    7.83845782e-04  2.22606456e-02  1.62441423e-03]
  [ 2.54507512e-02 -1.58402184e-02  7.23719884e-03 -9.32191103e-03
    7.83845782e-04  2.22606456e-02  1.62441423e-03]
  [ 2.54507512e-02 -1.58402184e-02  7.23719884e-03 -9.32191103e-03
    7.83845782e-04  2.22606456e-02  1.62441423e-03]
  [-9.30750643e-03  1.07851173e-03  1.17855132e-03  2.28893750e-03
    8.64471199e-03  1.64707369e-03 -9.26489366e-03]
  [-9.30750643e-03  1.07851173e-03  1.17855132e-03  2.28893750e-03
    8.64471199e-03  1.64707369e-03 -9.26489366e-03]
  [-9.30750643e-03  1.07851173e-03  1.17855132e-03  2.28893750e-03
    8.64471199e-03  1.64707369e-03 -9.26489366e-03]
  [-9.30750643e-03  1.07851173e-03  1.17855132e-03  2.28893750e-03
    8.64471199e-03  1.64707369e-03 -9.26489366e-03]
  [ 1.29818084e-03 -3.91317611e-03 -3.54841512e-03 -1.63854572e-03
    1.41143003e-02  1.34417097e-02 -2.82293960e-03]
  [ 1.29818084e-03 -3.91317611e-03 -3.54841512e-03 -1.63854572e-03
    1.41143003e-02  1.34417097e-02 -2.82293960e-03]
  [ 1.29818084e-03 -3.91317611e-03 -3.54841512e-03 -1.63854572e-03
    1.41143003e-02  1.34417097e-02 -2.82293960e-03]
  [ 1.29818084e-03 -3.91317611e-03 -3.54841512e-03 -1.63854572e-03
    1.41143003e-02  1.34417097e-02 -2.82293960e-03]
  [-4.73722437e-03  5.60313198e-03 -4.29969962e-03 -3.76864064e-03
   -1.47312766e-02 -2.61245862e-03 -1.47823778e-02]
  [-4.73722437e-03  5.60313198e-03 -4.29969962e-03 -3.76864064e-03
   -1.47312766e-02 -2.61245862e-03 -1.47823778e-02]
  [-4.73722437e-03  5.60313198e-03 -4.29969962e-03 -3.76864064e-03
   -1.47312766e-02 -2.61245862e-03 -1.47823778e-02]
  [-4.73722437e-03  5.60313198e-03 -4.29969962e-03 -3.76864064e-03
   -1.47312766e-02 -2.61245862e-03 -1.47823778e-02]
  [-2.52762660e-02  9.33331265e-03 -3.29354900e-03 -2.64867961e-03
   -1.40631020e-02 -3.28210377e-03 -2.15681240e-02]
  [-2.52762660e-02  9.33331265e-03 -3.29354900e-03 -2.64867961e-03
   -1.40631020e-02 -3.28210377e-03 -2.15681240e-02]
  [-2.52762660e-02  9.33331265e-03 -3.29354900e-03 -2.64867961e-03
   -1.40631020e-02 -3.28210377e-03 -2.15681240e-02]
  [-2.52762660e-02  9.33331265e-03 -3.29354900e-03 -2.64867961e-03
   -1.40631020e-02 -3.28210377e-03 -2.15681240e-02]
  [ 1.24861569e-02 -2.55578980e-02 -8.78137659e-04 -8.40190985e-03
    1.93654708e-02  3.51858945e-02 -4.71830106e-03]
  [ 1.24861569e-02 -2.55578980e-02 -8.78137659e-04 -8.40190985e-03
    1.93654708e-02  3.51858945e-02 -4.71830106e-03]
  [ 1.24861569e-02 -2.55578980e-02 -8.78137659e-04 -8.40190985e-03
    1.93654708e-02  3.51858945e-02 -4.71830106e-03]
  [ 1.24861569e-02 -2.55578980e-02 -8.78137659e-04 -8.40190985e-03
    1.93654708e-02  3.51858945e-02 -4.71830106e-03]
  [ 2.02848323e-02 -1.88699947e-02 -4.78857180e-03 -5.96957002e-03
    6.76858723e-03  2.98596788e-02 -2.97142211e-03]
  [ 2.02848323e-02 -1.88699947e-02 -4.78857180e-03 -5.96957002e-03
    6.76858723e-03  2.98596788e-02 -2.97142211e-03]
  [ 2.02848323e-02 -1.88699947e-02 -4.78857180e-03 -5.96957002e-03
    6.76858723e-03  2.98596788e-02 -2.97142211e-03]
  [ 2.02848323e-02 -1.88699947e-02 -4.78857180e-03 -5.96957002e-03
    6.76858723e-03  2.98596788e-02 -2.97142211e-03]
  [ 3.49443356e-02 -1.00751463e-02 -8.07689082e-04 -1.39314409e-02
    2.78323233e-02  2.13785231e-02 -2.01397305e-03]
  [ 3.49443356e-02 -1.00751463e-02 -8.07689082e-04 -1.39314409e-02
    2.78323233e-02  2.13785231e-02 -2.01397305e-03]
  [ 3.49443356e-02 -1.00751463e-02 -8.07689082e-04 -1.39314409e-02
    2.78323233e-02  2.13785231e-02 -2.01397305e-03]
  [ 3.56801624e-02 -1.69036258e-02  8.61845749e-04 -1.97871447e-02
    3.85841018e-02  2.80881642e-02 -1.76701077e-03]
  [ 3.56801624e-02 -1.69036258e-02  8.61845749e-04 -1.97871447e-02
    3.85841018e-02  2.80881642e-02 -1.76701077e-03]
  [ 3.56801624e-02 -1.69036258e-02  8.61845749e-04 -1.97871447e-02
    3.85841018e-02  2.80881642e-02 -1.76701077e-03]
  [ 1.28844474e-02  4.24236245e-03  1.02500807e-02 -1.10718035e-02
   -6.11856021e-03 -1.14166187e-02 -2.65122168e-02]
  [ 1.28844474e-02  4.24236245e-03  1.02500807e-02 -1.10718035e-02
   -6.11856021e-03 -1.14166187e-02 -2.65122168e-02]
  [ 2.18928047e-03  7.89833255e-03  1.97545782e-02 -1.77035765e-02
    1.86662003e-03 -2.31025377e-02 -4.13669348e-02]
  [ 2.18928047e-03  7.89833255e-03  1.97545782e-02 -1.77035765e-02
    1.86662003e-03 -2.31025377e-02 -4.13669348e-02]
  [ 5.16801123e-02  1.45827495e-02  3.46305590e-02 -3.08340960e-02
   -3.30819902e-02 -4.81197924e-02 -5.73457032e-02]
  [ 3.97829283e-02  1.83118209e-02  4.33283293e-02 -1.73355886e-02
   -2.92426976e-02 -3.86931997e-02 -5.93205504e-02]
  [ 5.88561594e-02 -2.87083257e-02 -4.63968926e-03 -3.31830611e-02
    2.93292380e-02 -6.06994843e-04 -1.80239854e-02]
  [ 6.92513697e-02 -3.27009205e-02 -2.57128567e-03 -3.89593211e-02
    2.52368511e-02 -9.11855837e-04 -1.00238556e-02]
  [ 1.50646176e-02  1.92820407e-02  6.54136094e-03 -9.74556813e-03
    8.81286124e-03 -5.90547853e-02 -9.00266282e-03]
  [ 1.50646176e-02  1.92820407e-02  6.54136094e-03 -9.74556813e-03
    8.81286124e-03 -5.90547853e-02 -9.00266282e-03]
  [-1.55727006e-03  1.99002191e-02  7.18909102e-03 -1.85652832e-03
   -3.18597751e-03 -3.11139639e-02 -4.60362770e-03]
  [-1.55727006e-03  1.99002191e-02  7.18909102e-03 -1.85652832e-03
   -3.18597751e-03 -3.11139639e-02 -4.60362770e-03]
  [ 5.01703471e-05  4.78725098e-03  3.55631092e-03  4.01591516e-03
   -8.32082840e-03  6.52368624e-03  1.38937874e-03]
  [ 5.01703471e-05  4.78725098e-03  3.55631092e-03  4.01591516e-03
   -8.32082840e-03  6.52368624e-03  1.38937874e-03]
  [ 9.92840156e-04  1.86491083e-02 -1.10294583e-02  1.04158130e-02
   -2.96598286e-02  1.19887653e-02  1.44740455e-02]
  [ 9.92840156e-04  1.86491083e-02 -1.10294583e-02  1.04158130e-02
   -2.96598286e-02  1.19887653e-02  1.44740455e-02]
  [ 1.04833487e-01 -5.63782550e-02 -6.37683444e-03 -2.42819208e-02
    5.17749922e-02  1.19542700e-01  6.64533402e-03]
  [ 5.78827783e-03  6.90705851e-03 -1.08093894e-03  2.33932032e-03
   -5.29811482e-03  1.15840032e-02  4.44179500e-03]]]","[(np.str_('ቢሮ'), -0.008302782465334998), (np.str_('0928460606'), -0.004172799640815589), (np.str_('S05S06'), -0.0032253994918646114), (np.str_('ገፃችን'), -0.002390376261322904), (np.str_('መቆጣጠሪያ'), -0.0022598208992907188), (np.str_('0902660722'), -0.0019684811569117906), (np.str_('አድራሻ'), 0.001764834715496722), (np.str_('ያለው'), 0.0016728536583190397), (np.str_('ውስን'), 0.0016573619887899095), (np.str_('ማብራሪያ'), 0.0015147582739212296)]"
ዋጋ፦ 30cm 2100 ብር 40cm 2400 ብር ውስን ፍሬ ነው ያለው አድራሻ ቢሮ ቁ S05S06 0902660722 0928460606 በTelegram ለማዘዝ ይጠቀሙ ለተጨማሪ ማብራሪያ የቴሌግራም ገፃችን,"O, O, B-PRICE, I-PRICE, O, B-PRICE, I-PRICE, O, O, O, O, O, B-LOC, O, B-LOC, O, O, O, O, O, O, O, O, O","I-PRICE, O, B-PRICE, I-PRICE, O, B-PRICE, I-PRICE, O, O, O, O, O, B-LOC, O, B-LOC, O, O, O, O, O, O, O, O, O",SKIPPED,SKIPPED
ዋጋ፦ 250 ብር ውስን ፍሬ ነው ያለው አድራሻ ቢሮ ቁ S05S06 0902660722 0928460606 በTelegram ለማዘዝ ይጠቀሙ ለተጨማሪ ማብራሪያ የቴሌግራም ገፃችን,"I-PRICE, B-PRICE, I-PRICE, O, O, O, O, O, B-LOC, O, B-LOC, O, O, O, O, O, O, O, O, O","I-PRICE, B-PRICE, I-PRICE, O, O, O, O, O, B-LOC, O, B-LOC, O, O, O, O, O, O, O, O, O",SKIPPED,SKIPPED
ዋጋ፦ 250 ብር ውስን ፍሬ ነው ያለው አድራሻ ቢሮ ቁ S05S06 0902660722 0928460606 በTelegram ለማዘዝ ይጠቀሙ ለተጨማሪ ማብራሪያ የቴሌግራም ገፃችን,"I-PRICE, B-PRICE, I-PRICE, O, O, O, O, O, B-LOC, O, B-LOC, O, O, O, O, O, O, O, O, O","I-PRICE, B-PRICE, I-PRICE, O, O, O, O, O, B-LOC, O, B-LOC, O, O, O, O, O, O, O, O, O",SKIPPED,SKIPPED
ልብስ ማስጫ የሚዘረጋ የሚሰበሰብ የራሱ የልብስ መቆንጠጫ ያለው 180 ርዝመት ተንቀሳቃሽ ዋጋ፦ 500 ብር ውስን ፍሬ ነው ያለው አድራሻ ቢሮ ቁ S05S06 0902660722 0928460606 በTelegram ለማዘዝ ይጠቀሙ ለተጨማሪ ማብራሪያ የቴሌግራም ገፃችን,"B-Product, I-Product, I-Product, I-Product, I-Product, I-Product, I-Product, I-Product, O, O, O, I-PRICE, B-PRICE, I-PRICE, O, O, O, O, O, B-LOC, O, B-LOC, O, O, O, O, O, O, O, O, O","O, O, I-Product, I-Product, O, O, O, O, O, O, O, I-PRICE, B-PRICE, I-PRICE, O, O, O, O, O, B-LOC, O, B-LOC, O, O, O, O, O, O, O, O, O",SKIPPED,SKIPPED
ልብስ ማስጫ የሚዘረጋ የሚሰበሰብ የራሱ የልብስ መቆንጠጫ ያለው 180 ርዝመት ተንቀሳቃሽ ዋጋ፦ 500 ብር ውስን ፍሬ ነው ያለው አድራሻ ቢሮ ቁ S05S06 0902660722 0928460606 በTelegram ለማዘዝ ይጠቀሙ ለተጨማሪ ማብራሪያ የቴሌግራም ገፃችን,"B-Product, I-Product, I-Product, I-Product, I-Product, I-Product, I-Product, I-Product, O, O, O, I-PRICE, B-PRICE, I-PRICE, O, O, O, O, O, B-LOC, O, B-LOC, O, O, O, O, O, O, O, O, O","O, O, I-Product, I-Product, O, O, O, O, O, O, O, I-PRICE, B-PRICE, I-PRICE, O, O, O, O, O, B-LOC, O, B-LOC, O, O, O, O, O, O, O, O, O",SKIPPED,SKIPPED
ልብስ ማስጫ የሚዘረጋ የሚሰበሰብ የራሱ የልብስ መቆንጠጫ ያለው 180 ርዝመት ተንቀሳቃሽ ዋጋ፦ 500 ብር ውስን ፍሬ ነው ያለው አድራሻ ቢሮ ቁ S05S06 0902660722 0928460606 በTelegram ለማዘዝ ይጠቀሙ ለተጨማሪ ማብራሪያ የቴሌግራም ገፃችን,"B-Product, I-Product, I-Product, I-Product, I-Product, I-Product, I-Product, I-Product, O, O, O, I-PRICE, B-PRICE, I-PRICE, O, O, O, O, O, B-LOC, O, B-LOC, O, O, O, O, O, O, O, O, O","O, O, I-Product, I-Product, O, O, O, O, O, O, O, I-PRICE, B-PRICE, I-PRICE, O, O, O, O, O, B-LOC, O, B-LOC, O, O, O, O, O, O, O, O, O",SKIPPED,SKIPPED
ዋጋ፦ 350 ብር ውስን ፍሬ ነው ያለው አድራሻ ቢሮ ቁ S05S06 0902660722 0928460606 በTelegram ለማዘዝ ይጠቀሙ ለተጨማሪ ማብራሪያ የቴሌግራም ገፃችን,"I-PRICE, B-PRICE, I-PRICE, O, O, O, O, O, B-LOC, O, B-LOC, O, O, O, O, O, O, O, O, O","I-PRICE, B-PRICE, I-PRICE, O, O, O, O, O, B-LOC, O, B-LOC, O, O, O, O, O, O, O, O, O",SKIPPED,SKIPPED
ዋጋ፦ 350 ብር ውስን ፍሬ ነው ያለው አድራሻ ቢሮ ቁ S05S06 0902660722 0928460606 በTelegram ለማዘዝ ይጠቀሙ ለተጨማሪ ማብራሪያ የቴሌግራም ገፃችን,"I-PRICE, B-PRICE, I-PRICE, O, O, O, O, O, B-LOC, O, B-LOC, O, O, O, O, O, O, O, O, O","I-PRICE, B-PRICE, I-PRICE, O, O, O, O, O, B-LOC, O, B-LOC, O, O, O, O, O, O, O, O, O",SKIPPED,SKIPPED
1000 ዋጋ፦ 3600 ብር አድራሻ ቢሮ ቁ S05S06 0902660722 0928460606 በTelegram ለማዘዝ ይጠቀሙ ለተጨማሪ ማብራሪያ የቴሌግራም ገፃችን,"O, I-PRICE, B-PRICE, I-PRICE, O, B-LOC, O, B-LOC, O, O, O, O, O, O, O, O, O","O, I-PRICE, O, I-PRICE, O, B-LOC, O, B-LOC, O, O, O, O, O, O, O, O, O",SKIPPED,SKIPPED
6pcs 230 ድረስ ሙቀትን መቋቋም የሚችሉ ደጋግመው የሚጠቀሙት እና የማይዝ ዋጋ፦ 6 ፍሬ 500 ብር ውስን ፍሬ ነው ያለው አድራሻ ቢሮ ቁ S05S06 0902660722 0928460606 በTelegram ለማዘዝ ይጠቀሙ ለተጨማሪ ማብራሪያ የቴሌግራም ገፃችን,"O, O, O, O, O, O, O, O, O, O, O, O, O, B-PRICE, I-PRICE, O, O, O, O, O, B-LOC, O, B-LOC, O, O, O, O, O, O, O, O, O","O, O, O, O, O, O, O, O, O, O, I-PRICE, O, O, B-PRICE, I-PRICE, O, O, O, O, O, B-LOC, O, B-LOC, O, O, O, O, O, O, O, O, O",SKIPPED,SKIPPED
ዋጋ፦ 450 ብር ውስን ፍሬ ነው ያለው አድራሻ ቢሮ ቁ S05S06 0902660722 0928460606 በTelegram ለማዘዝ ይጠቀሙ ለተጨማሪ ማብራሪያ የቴሌግራም ገፃችን,"I-PRICE, B-PRICE, I-PRICE, O, O, O, O, O, B-LOC, O, B-LOC, O, O, O, O, O, O, O, O, O","I-PRICE, B-PRICE, I-PRICE, O, O, O, O, O, B-LOC, O, B-LOC, O, O, O, O, O, O, O, O, O",SKIPPED,SKIPPED
ለመላው የክርስትና እምነት ተከታዮች እንኳን ለጌታችን ለመድሐኒታችን ለእየሱስ ክርስቶስ ብርሃነ ትንሣኤ በዓል በሰላም አደረሳችሁአደረሰን ሕያውን ከሙታን መካከል ስለ ምን ትፈልጋላችሁ ተነስቷል እንጂ በዚህ የለም። ሉቃስ 245 በዓሉ የሰለም፣ የፍቅር፣ የጤና፣ የደስታ፣ የበረከት እና የተቸገሩ ወገኖቻችንን የምንጠይቅበትና ያለንን የምናካፍልበት ያማረ በዓል ይሁንልን። ለዓመቱ በሰላም በጤና ያድርሰን መልካም የፋሲካ በዓል,"O, O, O, O, O, O, O, O, O, O, O, O, O, O, O, O, O, O, O, O, O, O, O, O, O, O, O, O, O, O, O, O, O, O, O, O, O, O, O, O, O, O, O, O, O, O, O, O","O, O, O, O, O, O, O, O, O, O, O, O, O, O, O, O, O, O, O, O, O, O, O, O, O, O, O, O, O, O, O, O, O, O, O, O, O, O, O, O, O, O, O, O, O, O, O, O",SKIPPED,SKIPPED
3pcs የሴራሚክ መጥበሻ 24cm 26cm 28cm ሶስቱን በአንድ ላይ ዋጋ፦ ሶስቱን 3900 ብር 28 1600 ብር 26cm 1400 ብር 24cm 1200 ብር ውስን ፍሬ ነው ያለው አድራሻ ቢሮ ቁ S05S06 0902660722 0928460606 በTelegram ለማዘዝ ይጠቀሙ ለተጨማሪ ማብራሪያ የቴሌግራም ገፃችን,"O, O, O, O, O, O, O, O, O, O, O, B-PRICE, I-PRICE, O, B-PRICE, I-PRICE, O, B-PRICE, I-PRICE, O, B-PRICE, I-PRICE, O, O, O, O, O, B-LOC, O, B-LOC, O, O, O, O, O, O, O, O, O","O, O, O, O, O, O, O, O, O, I-PRICE, O, O, I-PRICE, O, B-PRICE, I-PRICE, O, B-PRICE, I-PRICE, O, B-PRICE, I-PRICE, O, O, O, O, O, B-LOC, O, B-LOC, O, O, O, O, O, O, O, O, O",SKIPPED,SKIPPED
45 500 ሚክሰሩ ለብቻው መነቀል ይችላል የሊጥ ማውጫ ያለው 5 45L ዋጋ፦ 7100 ብር ውስን ፍሬ ነው ያለው አድራሻ ቢሮ ቁ S05S06 0902660722 0928460606 በTelegram ለማዘዝ ይጠቀሙ ለተጨማሪ ማብራሪያ የቴሌግራም ገፃችን,"O, O, O, O, O, O, O, O, O, O, O, I-PRICE, B-PRICE, I-PRICE, O, O, O, O, O, B-LOC, O, B-LOC, O, O, O, O, O, O, O, O, O","O, O, O, O, O, O, O, O, O, O, O, I-PRICE, O, I-PRICE, O, O, O, O, O, B-LOC, O, B-LOC, O, O, O, O, O, O, O, O, O",SKIPPED,SKIPPED
ዋጋ፦ 1300 ብር ውስን ፍሬ ነው ያለው አድራሻ ቢሮ ቁ S05S06 0902660722 0928460606 በTelegram ለማዘዝ ይጠቀሙ ለተጨማሪ ማብራሪያ የቴሌግራም ገፃችን,"I-PRICE, B-PRICE, I-PRICE, O, O, O, O, O, B-LOC, O, B-LOC, O, O, O, O, O, O, O, O, O","I-PRICE, B-PRICE, I-PRICE, O, O, O, O, O, B-LOC, O, B-LOC, O, O, O, O, O, O, O, O, O",SKIPPED,SKIPPED
ዋጋ፦ 1300 ብር ውስን ፍሬ ነው ያለው አድራሻ ቢሮ ቁ S05S06 0902660722 0928460606 በTelegram ለማዘዝ ይጠቀሙ ለተጨማሪ ማብራሪያ የቴሌግራም ገፃችን,"I-PRICE, B-PRICE, I-PRICE, O, O, O, O, O, B-LOC, O, B-LOC, O, O, O, O, O, O, O, O, O","I-PRICE, B-PRICE, I-PRICE, O, O, O, O, O, B-LOC, O, B-LOC, O, O, O, O, O, O, O, O, O",SKIPPED,SKIPPED
7pieces 1 6 ዋጋ፦ 2000 ብር ውስን ፍሬ ነው ያለው አድራሻ ቢሮ ቁ S05S06 0902660722 0928460606 በTelegram ለማዘዝ ይጠቀሙ ለተጨማሪ ማብራሪያ የቴሌግራም ገፃችን,"O, O, O, I-PRICE, B-PRICE, I-PRICE, O, O, O, O, O, B-LOC, O, B-LOC, O, O, O, O, O, O, O, O, O","O, O, O, I-PRICE, B-PRICE, I-PRICE, O, O, O, O, O, B-LOC, O, B-LOC, O, O, O, O, O, O, O, O, O",SKIPPED,SKIPPED
500ml የራሳቸው ስትሮ ያላቸው ውብ እና ማራኪ የሆኑ የጁስ መጠጫ ብርጭቆወች ዋጋ፦ 650 ብር ውስን ፍሬ ነው ያለው አድራሻ ቢሮ ቁ S05S06 0902660722 0928460606 በTelegram ለማዘዝ ይጠቀሙ ለተጨማሪ ማብራሪያ የቴሌግራም ገፃችን,"O, O, O, O, O, O, O, O, O, O, O, I-PRICE, B-PRICE, I-PRICE, O, O, O, O, O, B-LOC, O, B-LOC, O, O, O, O, O, O, O, O, O","O, O, O, O, O, O, O, O, O, O, O, I-PRICE, B-PRICE, I-PRICE, O, O, O, O, O, B-LOC, O, B-LOC, O, O, O, O, O, O, O, O, O",SKIPPED,SKIPPED
500ml የራሳቸው ስትሮ ያላቸው ውብ እና ማራኪ የሆኑ የጁስ መጠጫ ብርጭቆወች ዋጋ፦ 650 ብር ውስን ፍሬ ነው ያለው አድራሻ ቢሮ ቁ S05S06 0902660722 0928460606 በTelegram ለማዘዝ ይጠቀሙ ለተጨማሪ ማብራሪያ የቴሌግራም ገፃችን,"O, O, O, O, O, O, O, O, O, O, O, I-PRICE, B-PRICE, I-PRICE, O, O, O, O, O, B-LOC, O, B-LOC, O, O, O, O, O, O, O, O, O","O, O, O, O, O, O, O, O, O, O, O, I-PRICE, B-PRICE, I-PRICE, O, O, O, O, O, B-LOC, O, B-LOC, O, O, O, O, O, O, O, O, O",SKIPPED,SKIPPED
3 ለአጠቃቀም እንዲሁም ለማፅዳት ቀላል ዋጋ፦ 500 ብር ውስን ፍሬ ነው ያለው አድራሻ ቢሮ ቁ S05S06 0902660722 0928460606 በTelegram ለማዘዝ ይጠቀሙ ለተጨማሪ ማብራሪያ የቴሌግራም ገፃችን,"O, O, O, O, O, I-PRICE, B-PRICE, I-PRICE, O, O, O, O, O, B-LOC, O, B-LOC, O, O, O, O, O, O, O, O, O","O, O, O, O, O, I-PRICE, B-PRICE, I-PRICE, O, O, O, O, O, B-LOC, O, B-LOC, O, O, O, O, O, O, O, O, O",SKIPPED,SKIPPED
3 ለአጠቃቀም እንዲሁም ለማፅዳት ቀላል ዋጋ፦ 500 ብር ውስን ፍሬ ነው ያለው አድራሻ ቢሮ ቁ S05S06 0902660722 0928460606 በTelegram ለማዘዝ ይጠቀሙ ለተጨማሪ ማብራሪያ የቴሌግራም ገፃችን,"O, O, O, O, O, I-PRICE, B-PRICE, I-PRICE, O, O, O, O, O, B-LOC, O, B-LOC, O, O, O, O, O, O, O, O, O","O, O, O, O, O, I-PRICE, B-PRICE, I-PRICE, O, O, O, O, O, B-LOC, O, B-LOC, O, O, O, O, O, O, O, O, O",SKIPPED,SKIPPED
360 ዋጋ፦ 2800 ብር ውስን ፍሬ ነው ያለው አድራሻ ቢሮ ቁ S05S06 0902660722 0928460606 በTelegram ለማዘዝ ይጠቀሙ ለተጨማሪ ማብራሪያ የቴሌግራም ገፃችን,"O, I-PRICE, B-PRICE, I-PRICE, O, O, O, O, O, B-LOC, O, B-LOC, O, O, O, O, O, O, O, O, O","O, I-PRICE, O, I-PRICE, O, O, O, O, O, B-LOC, O, B-LOC, O, O, O, O, O, O, O, O, O",SKIPPED,SKIPPED
መልካም በአል ድቅቅ የሚያደርግ 6L 6 3 1800W ዋጋ፦ 4700 ብር ውስን ፍሬ ነው ያለው አድራሻ ቢሮ ቁ S05S06 0902660722 0928460606 በTelegram ለማዘዝ ይጠቀሙ ለተጨማሪ ማብራሪያ የቴሌግራም ገፃችን,"O, O, O, O, O, O, O, O, I-PRICE, B-PRICE, I-PRICE, O, O, O, O, O, B-LOC, O, B-LOC, O, O, O, O, O, O, O, O, O","O, O, O, O, O, O, O, O, I-PRICE, B-PRICE, I-PRICE, O, O, O, O, O, B-LOC, O, B-LOC, O, O, O, O, O, O, O, O, O",SKIPPED,SKIPPED
በሁለት የቀለም አማራጭ ዋጋ፦ 750ብር አድራሻ ቢሮ ቁ S05S06 0902660722 0928460606 በTelegram ለማዘዝ ይጠቀሙ ለተጨማሪ ማብራሪያ የቴሌግራም ገፃችን,"O, O, O, I-PRICE, O, O, B-LOC, O, B-LOC, O, O, O, O, O, O, O, O, O","O, O, O, I-PRICE, O, O, B-LOC, O, B-LOC, O, O, O, O, O, O, O, O, O",SKIPPED,SKIPPED
ሴራሚክ ንግስተ ሳባ መመገቢያ ሳህን ከፍተኛ ጥራት ያለው ዋጋ፦ 6ፍሬ 1ኛ ደረጃ 4000 ብር አድራሻ ቢሮ ቁ S05S06 0902660722 0928460606 በTelegram ለማዘዝ ይጠቀሙ ለተጨማሪ ማብራሪያ የቴሌግራም ገፃችን,"O, O, O, O, O, O, O, O, O, O, O, O, B-PRICE, I-PRICE, O, B-LOC, O, B-LOC, O, O, O, O, O, O, O, O, O","O, O, O, O, O, O, O, O, I-PRICE, O, O, O, B-PRICE, I-PRICE, O, B-LOC, O, B-LOC, O, O, O, O, O, O, O, O, O",SKIPPED,SKIPPED
መልካም በአል 4 2 ፍሬ የዘይት እና አቼቶ መቀነሻ 2 ፍሬ የቅመም መቀነሻ እና የራሱ መነስነሻ ያለው የራሱ ማስቀመጫ ያለው ዋጋ፦ 1500 ብር ውስን ፍሬ ነው ያለው አድራሻ ቢሮ ቁ S05S06 0902660722 0928460606 በTelegram ለማዘዝ ይጠቀሙ ለተጨማሪ ማብራሪያ የቴሌግራም ገፃችን,"O, O, O, O, O, O, O, O, O, O, O, O, O, O, O, O, O, O, B-Product, I-Product, I-PRICE, B-PRICE, I-PRICE, O, O, O, O, O, B-LOC, O, B-LOC, O, O, O, O, O, O, O, O, O","O, O, O, O, O, O, O, O, O, O, O, O, O, O, O, O, O, O, O, O, I-PRICE, B-PRICE, I-PRICE, O, O, O, O, O, B-LOC, O, B-LOC, O, O, O, O, O, O, O, O, O",SKIPPED,SKIPPED
በቀላሉ ከሰል ለማያያዝ የሚሆን አነስ ያለ ቦታ የማይዝ በኤሌክትሪክ የሚሰራ ሻይ፣ ቡና ለማፍላት የሚሆን ዋጋ፦ 1600 ብር ውስን ፍሬ ነው ያለው አድራሻ ቢሮ ቁ S05S06 0902660722 0928460606 በTelegram ለማዘዝ ይጠቀሙ ለተጨማሪ ማብራሪያ የቴሌግራም ገፃችን,"O, O, O, O, O, O, O, O, O, B-Product, I-Product, I-Product, I-Product, I-Product, I-PRICE, B-PRICE, I-PRICE, O, O, O, O, O, B-LOC, O, B-LOC, O, O, O, O, O, O, O, O, O","O, O, O, O, O, O, O, O, O, I-Product, O, O, O, O, I-PRICE, B-PRICE, I-PRICE, O, O, O, O, O, B-LOC, O, B-LOC, O, O, O, O, O, O, O, O, O",SKIPPED,SKIPPED
በቀላሉ ከሰል ለማያያዝ የሚሆን አነስ ያለ ቦታ የማይዝ በኤሌክትሪክ የሚሰራ ሻይ፣ ቡና ለማፍላት የሚሆን ዋጋ፦ 1600 ብር ውስን ፍሬ ነው ያለው አድራሻ ቢሮ ቁ S05S06 0902660722 0928460606 በTelegram ለማዘዝ ይጠቀሙ ለተጨማሪ ማብራሪያ የቴሌግራም ገፃችን,"O, O, O, O, O, O, O, O, O, B-Product, I-Product, I-Product, I-Product, I-Product, I-PRICE, B-PRICE, I-PRICE, O, O, O, O, O, B-LOC, O, B-LOC, O, O, O, O, O, O, O, O, O","O, O, O, O, O, O, O, O, O, I-Product, O, O, O, O, I-PRICE, B-PRICE, I-PRICE, O, O, O, O, O, B-LOC, O, B-LOC, O, O, O, O, O, O, O, O, O",SKIPPED,SKIPPED
በቀላሉ ከሰል ለማያያዝ የሚሆን አነስ ያለ ቦታ የማይዝ በኤሌክትሪክ የሚሰራ ሻይ፣ ቡና ለማፍላት የሚሆን ዋጋ፦ 1600 ብር ውስን ፍሬ ነው ያለው አድራሻ ቢሮ ቁ S05S06 0902660722 0928460606 በTelegram ለማዘዝ ይጠቀሙ ለተጨማሪ ማብራሪያ የቴሌግራም ገፃችን,"O, O, O, O, O, O, O, O, O, B-Product, I-Product, I-Product, I-Product, I-Product, I-PRICE, B-PRICE, I-PRICE, O, O, O, O, O, B-LOC, O, B-LOC, O, O, O, O, O, O, O, O, O","O, O, O, O, O, O, O, O, O, I-Product, O, O, O, O, I-PRICE, B-PRICE, I-PRICE, O, O, O, O, O, B-LOC, O, B-LOC, O, O, O, O, O, O, O, O, O",SKIPPED,SKIPPED
በረፍት ቀንዎ ሱቅ ላይ መስተናገድ ለምትፈልጉ ውድ ደንበኞቻችን ከጠዋቱ 4:30 _ ቀኑ 11:00 ድረስ ሱቃችን ክፍት ሁኖ ይጠብቅዎታል ሱቅ መተው መግዛት ላልቻላችሁ በሞተረኞች ያሉበት እናደርሳለን ዘወትር ሰኞ _ቅዳሜ ከጠዋቱ 2:30 እስከ ምሽቱ 2:00 ድረስ ክፍት መሆኑን እንገልፃለን አድራሻ ቢሮ ቁ S05S06 0902660722 0928460606 በTelegram ለማዘዝ ይጠቀሙ ለተጨማሪ ማብራሪያ የቴሌግራም ገፃችን,"O, O, O, O, O, O, O, O, O, O, O, O, O, O, O, O, O, O, O, O, O, O, O, O, O, O, O, O, O, O, O, O, O, O, O, O, O, O, B-LOC, O, B-LOC, O, O, O, O, O, O, O, O, O","O, O, O, O, O, O, O, O, O, O, O, O, O, O, O, O, O, O, O, O, O, O, O, O, O, O, O, O, O, O, O, O, O, O, O, O, O, O, B-LOC, O, B-LOC, O, O, O, O, O, O, O, O, O",SKIPPED,SKIPPED
150W ዋጋ፦ 1400 ብር ውስን ፍሬ ነው ያለው አድራሻ ቢሮ ቁ S05S06 0902660722 0928460606 በTelegram ለማዘዝ ይጠቀሙ ለተጨማሪ ማብራሪያ የቴሌግራም ገፃችን,"O, I-PRICE, B-PRICE, I-PRICE, O, O, O, O, O, B-LOC, O, B-LOC, O, O, O, O, O, O, O, O, O","O, I-PRICE, B-PRICE, I-PRICE, O, O, O, O, O, B-LOC, O, B-LOC, O, O, O, O, O, O, O, O, O",SKIPPED,SKIPPED
150W ዋጋ፦ 1400 ብር ውስን ፍሬ ነው ያለው አድራሻ ቢሮ ቁ S05S06 0902660722 0928460606 በTelegram ለማዘዝ ይጠቀሙ ለተጨማሪ ማብራሪያ የቴሌግራም ገፃችን,"O, I-PRICE, B-PRICE, I-PRICE, O, O, O, O, O, B-LOC, O, B-LOC, O, O, O, O, O, O, O, O, O","O, I-PRICE, B-PRICE, I-PRICE, O, O, O, O, O, B-LOC, O, B-LOC, O, O, O, O, O, O, O, O, O",SKIPPED,SKIPPED
በበርዎ ስር አቧራ እና ነፍሳት እንዳይገባ የሚከላከል አንደኛው ወፍራሙ ዋጋ፦ 400ብር ውስን ፍሬ ነው ያለው አድራሻ ቢሮ ቁ S05S06 0902660722 0928460606 በTelegram ለማዘዝ ይጠቀሙ ለተጨማሪ ማብራሪያ የቴሌግራም ገፃችን,"O, O, O, O, O, O, O, O, O, I-PRICE, O, O, O, O, O, O, B-LOC, O, B-LOC, O, O, O, O, O, O, O, O, O","O, O, O, O, O, O, O, O, O, I-PRICE, O, O, O, O, O, O, B-LOC, O, B-LOC, O, O, O, O, O, O, O, O, O",SKIPPED,SKIPPED
በበርዎ ስር አቧራ እና ነፍሳት እንዳይገባ የሚከላከል አንደኛው ወፍራሙ ዋጋ፦ 400ብር ውስን ፍሬ ነው ያለው አድራሻ ቢሮ ቁ S05S06 0902660722 0928460606 በTelegram ለማዘዝ ይጠቀሙ ለተጨማሪ ማብራሪያ የቴሌግራም ገፃችን,"O, O, O, O, O, O, O, O, O, I-PRICE, O, O, O, O, O, O, B-LOC, O, B-LOC, O, O, O, O, O, O, O, O, O","O, O, O, O, O, O, O, O, O, I-PRICE, O, O, O, O, O, O, B-LOC, O, B-LOC, O, O, O, O, O, O, O, O, O",SKIPPED,SKIPPED
ዋጋ፦ 4400 ብር ውስን ፍሬ ነው ያለው አድራሻ ቢሮ ቁ S05S06 0902660722 0928460606 በTelegram ለማዘዝ ይጠቀሙ ለተጨማሪ ማብራሪያ የቴሌግራም ገፃችን,"I-PRICE, B-PRICE, I-PRICE, O, O, O, O, O, B-LOC, O, B-LOC, O, O, O, O, O, O, O, O, O","I-PRICE, B-PRICE, I-PRICE, O, O, O, O, O, B-LOC, O, B-LOC, O, O, O, O, O, O, O, O, O",SKIPPED,SKIPPED
የሞተ ቆዳን እንዲሁም ቆሻሻን ለማፅዳት ተመራጭ ዋጋ፦ 200 ብር ውስን ፍሬ ነው ያለው አድራሻ ቢሮ ቁ S05S06 0902660722 0928460606 በTelegram ለማዘዝ ይጠቀሙ ለተጨማሪ ማብራሪያ የቴሌግራም ገፃችን,N/A,"O, O, O, O, O, O, I-PRICE, B-PRICE, I-PRICE, O, O, O, O, O, B-LOC, O, B-LOC, O, O, O, O, O, O, O, O, O","[[[ 8.88964627e-03  3.25536914e-03  1.19119079e-03 -4.74904664e-05
   -4.77353542e-03 -1.53623766e-03 -6.78591290e-03]
  [ 8.88964627e-03  3.25536914e-03  1.19119079e-03 -4.74904664e-05
   -4.77353542e-03 -1.53623766e-03 -6.78591290e-03]
  [ 8.88964627e-03  3.25536914e-03  1.19119079e-03 -4.74904664e-05
   -4.77353542e-03 -1.53623766e-03 -6.78591290e-03]
  [ 8.88964627e-03  3.25536914e-03  1.19119079e-03 -4.74904664e-05
   -4.77353542e-03 -1.53623766e-03 -6.78591290e-03]
  [ 8.88964627e-03  3.25536914e-03  1.19119079e-03 -4.74904664e-05
   -4.77353542e-03 -1.53623766e-03 -6.78591290e-03]
  [ 8.88964627e-03  3.25536914e-03  1.19119079e-03 -4.74904664e-05
   -4.77353542e-03 -1.53623766e-03 -6.78591290e-03]
  [ 8.88964627e-03  3.25536914e-03  1.19119079e-03 -4.74904664e-05
   -4.77353542e-03 -1.53623766e-03 -6.78591290e-03]
  [ 8.88964627e-03  3.25536914e-03  1.19119079e-03 -4.74904664e-05
   -4.77353542e-03 -1.53623766e-03 -6.78591290e-03]
  [ 3.11849406e-02 -5.31278085e-03 -4.79835051e-03 -2.76856264e-03
    2.27993539e-02  1.05033432e-02  6.80008950e-03]
  [ 3.11849406e-02 -5.31278085e-03 -4.79835051e-03 -2.76856264e-03
    2.27993539e-02  1.05033432e-02  6.80008950e-03]
  [ 3.11849406e-02 -5.31278085e-03 -4.79835051e-03 -2.76856264e-03
    2.27993539e-02  1.05033432e-02  6.80008950e-03]
  [ 3.11849406e-02 -5.31278085e-03 -4.79835051e-03 -2.76856264e-03
    2.27993539e-02  1.05033432e-02  6.80008950e-03]
  [ 6.22652834e-02 -1.48054874e-02 -8.07842275e-03 -1.28364372e-02
    3.02566327e-02  1.92806552e-02  3.43157956e-03]
  [ 6.22652834e-02 -1.48054874e-02 -8.07842275e-03 -1.28364372e-02
    3.02566327e-02  1.92806552e-02  3.43157956e-03]
  [ 2.02589026e-02 -3.31811141e-03 -2.67943251e-04 -1.04905399e-02
    1.64976993e-02  6.07951160e-03 -5.22446027e-03]
  [ 2.02589026e-02 -3.31811141e-03 -2.67943251e-04 -1.04905399e-02
    1.64976993e-02  6.07951160e-03 -5.22446027e-03]
  [-1.29708080e-02 -9.96663468e-03  1.11735858e-02  6.66659325e-04
    3.50213359e-02  1.68324495e-03 -1.30354776e-02]
  [-1.29708080e-02 -9.96663468e-03  1.11735858e-02  6.66659325e-04
    3.50213359e-02  1.68324495e-03 -1.30354776e-02]
  [-8.44510924e-03 -1.02112587e-02  1.11534108e-02  1.06908940e-03
    3.48084645e-02  2.58113747e-03 -1.34107429e-02]
  [-8.44510924e-03 -1.02112587e-02  1.11534108e-02  1.06908940e-03
    3.48084645e-02  2.58113747e-03 -1.34107429e-02]
  [ 9.85649414e-04 -9.90657927e-03  1.37719218e-02 -2.14477954e-03
    3.28787718e-02 -6.69449568e-04 -8.74971086e-03]
  [ 9.85649414e-04 -9.90657927e-03  1.37719218e-02 -2.14477954e-03
    3.28787718e-02 -6.69449568e-04 -8.74971086e-03]
  [-1.61060384e-02 -1.74793927e-03  1.75703598e-02 -1.17938640e-03
    3.17395189e-02 -6.65253517e-03 -1.03873969e-02]
  [-1.61060384e-02 -1.74793927e-03  1.75703598e-02 -1.17938640e-03
    3.17395189e-02 -6.65253517e-03 -1.03873969e-02]
  [-4.63227890e-02  1.18266847e-02 -3.83364104e-03 -8.51875870e-03
   -5.25713080e-02 -7.29611923e-03 -2.70473664e-02]
  [-4.63227890e-02  1.18266847e-02 -3.83364104e-03 -8.51875870e-03
   -5.25713080e-02 -7.29611923e-03 -2.70473664e-02]
  [-7.94109628e-02  1.76143814e-02 -2.36342752e-02 -7.75451818e-03
   -5.16390052e-02  7.73386389e-03 -2.69734641e-02]
  [-7.94109628e-02  1.76143814e-02 -2.36342752e-02 -7.75451818e-03
   -5.16390052e-02  7.73386389e-03 -2.69734641e-02]
  [-1.51205435e-02 -3.67761077e-03 -1.42540642e-02 -5.92305604e-03
   -3.21247171e-02  2.95771261e-02 -5.46253519e-03]
  [-1.51205435e-02 -3.67761077e-03 -1.42540642e-02 -5.92305604e-03
   -3.21247171e-02  2.95771261e-02 -5.46253519e-03]
  [-1.47485249e-02 -4.53536538e-03 -1.31447165e-02 -6.27064984e-03
   -3.25628830e-02  3.04351769e-02 -6.19135471e-03]
  [-1.47485249e-02 -4.53536538e-03 -1.31447165e-02 -6.27064984e-03
   -3.25628830e-02  3.04351769e-02 -6.19135471e-03]
  [ 3.07656837e-02 -2.16680483e-02  4.25562008e-03 -1.00456587e-02
    3.24517514e-02  3.13179237e-02 -2.06937620e-02]
  [ 3.07656837e-02 -2.16680483e-02  4.25562008e-03 -1.00456587e-02
    3.24517514e-02  3.13179237e-02 -2.06937620e-02]
  [ 2.79064638e-02 -1.86475941e-02 -2.07973433e-03 -7.51949097e-03
    2.18710366e-02  2.42541064e-02 -1.63046548e-02]
  [ 2.79064638e-02 -1.86475941e-02 -2.07973433e-03 -7.51949097e-03
    2.18710366e-02  2.42541064e-02 -1.63046548e-02]
  [ 4.67383103e-02 -1.72286686e-02 -3.52553094e-03 -8.58261962e-03
    1.75302897e-02  2.88828003e-02 -9.72925180e-03]
  [ 4.67383103e-02 -1.72286686e-02 -3.52553094e-03 -8.58261962e-03
    1.75302897e-02  2.88828003e-02 -9.72925180e-03]
  [ 6.08190409e-02 -2.82950486e-02 -8.29153543e-03 -1.19929897e-02
    2.75481306e-02  4.16665829e-02 -9.91309022e-03]
  [ 6.08190409e-02 -2.82950486e-02 -8.29153543e-03 -1.19929897e-02
    2.75481306e-02  4.16665829e-02 -9.91309022e-03]
  [ 6.08190409e-02 -2.82950486e-02 -8.29153543e-03 -1.19929897e-02
    2.75481306e-02  4.16665829e-02 -9.91309022e-03]
  [ 3.78873894e-02 -2.34836180e-04 -3.57365470e-03 -1.29254451e-02
   -7.50655608e-03  3.07019226e-03  2.67133347e-03]
  [ 3.78873894e-02 -2.34836180e-04 -3.57365470e-03 -1.29254451e-02
   -7.50655608e-03  3.07019226e-03  2.67133347e-03]
  [ 3.78873894e-02 -2.34836180e-04 -3.57365470e-03 -1.29254451e-02
   -7.50655608e-03  3.07019226e-03  2.67133347e-03]
  [ 2.64746198e-02  1.48870849e-03  2.45584249e-03 -1.27250412e-02
   -4.94536288e-03 -4.94936085e-03 -9.29625994e-03]
  [ 2.64746198e-02  1.48870849e-03  2.45584249e-03 -1.27250412e-02
   -4.94536288e-03 -4.94936085e-03 -9.29625994e-03]
  [ 2.64746198e-02  1.48870849e-03  2.45584249e-03 -1.27250412e-02
   -4.94536288e-03 -4.94936085e-03 -9.29625994e-03]
  [ 2.64746198e-02  1.48870849e-03  2.45584249e-03 -1.27250412e-02
   -4.94536288e-03 -4.94936085e-03 -9.29625994e-03]
  [ 1.91695227e-02  2.10722076e-02  1.23065875e-02 -1.40903460e-02
   -3.77495166e-02 -3.53062490e-02 -8.09703787e-03]
  [ 1.91695227e-02  2.10722076e-02  1.23065875e-02 -1.40903460e-02
   -3.77495166e-02 -3.53062490e-02 -8.09703787e-03]
  [ 1.91695227e-02  2.10722076e-02  1.23065875e-02 -1.40903460e-02
   -3.77495166e-02 -3.53062490e-02 -8.09703787e-03]
  [ 1.91695227e-02  2.10722076e-02  1.23065875e-02 -1.40903460e-02
   -3.77495166e-02 -3.53062490e-02 -8.09703787e-03]
  [-2.00145968e-02  3.31896800e-02 -4.81310068e-04  4.35468195e-03
   -5.16785477e-02 -4.14092528e-02  1.16950421e-02]
  [-2.00145968e-02  3.31896800e-02 -4.81310068e-04  4.35468195e-03
   -5.16785477e-02 -4.14092528e-02  1.16950421e-02]
  [-2.87033969e-02  3.90971318e-02  5.36858279e-03  4.06553982e-03
   -4.99847466e-02 -5.65651270e-02  3.15347666e-03]
  [-2.87033969e-02  3.90971318e-02  5.36858279e-03  4.06553982e-03
   -4.99847466e-02 -5.65651270e-02  3.15347666e-03]
  [-3.05080139e-03  1.04107205e-02  1.80340734e-02 -1.02442490e-03
   -7.80773525e-03 -1.73878917e-02 -1.59732262e-02]
  [-3.05080139e-03  1.04107205e-02  1.80340734e-02 -1.02442490e-03
   -7.80773525e-03 -1.73878917e-02 -1.59732262e-02]
  [ 1.27582766e-04  1.11923367e-02  1.90427108e-02 -1.29787424e-03
   -8.86196447e-03 -2.02342370e-02 -1.59992325e-02]
  [ 1.27582766e-04  1.11923367e-02  1.90427108e-02 -1.29787424e-03
   -8.86196447e-03 -2.02342370e-02 -1.59992325e-02]
  [ 1.33710210e-01 -1.06484630e-01 -5.91317768e-03 -5.05384625e-02
    1.24583561e-01  9.90345635e-02 -5.21032112e-02]
  [ 1.14892469e-02 -4.71638183e-03 -3.72157432e-04 -4.42595088e-04
    5.83617422e-03  1.64546267e-02  4.60434235e-03]]]","[(np.str_('ቢሮ'), -0.005823466728383914), (np.str_('S05S06'), -0.00414437874169268), (np.str_('ቁ'), 0.0032817643465843944), (np.str_('የቴሌግራም'), -0.002396172113554258), (np.str_('0928460606'), -0.0022099881473930387), (np.str_('አድራሻ'), 0.0021192304312822926), (np.str_('ይጠቀሙ'), -0.0021046451621134937), (np.str_('200'), 0.0020431267543887083), (np.str_('ለማዘዝ'), 0.0013226503986489223), (np.str_('ፍሬ'), 0.0009701560769023647)]"
የሞተ ቆዳን እንዲሁም ቆሻሻን ለማፅዳት ተመራጭ ዋጋ፦ 200 ብር ውስን ፍሬ ነው ያለው አድራሻ ቢሮ ቁ S05S06 0902660722 0928460606 በTelegram ለማዘዝ ይጠቀሙ ለተጨማሪ ማብራሪያ የቴሌግራም ገፃችን,N/A,"O, O, O, O, O, O, I-PRICE, B-PRICE, I-PRICE, O, O, O, O, O, B-LOC, O, B-LOC, O, O, O, O, O, O, O, O, O","[[[ 8.88964627e-03  3.25536914e-03  1.19119079e-03 -4.74904664e-05
   -4.77353542e-03 -1.53623766e-03 -6.78591290e-03]
  [ 8.88964627e-03  3.25536914e-03  1.19119079e-03 -4.74904664e-05
   -4.77353542e-03 -1.53623766e-03 -6.78591290e-03]
  [ 8.88964627e-03  3.25536914e-03  1.19119079e-03 -4.74904664e-05
   -4.77353542e-03 -1.53623766e-03 -6.78591290e-03]
  [ 8.88964627e-03  3.25536914e-03  1.19119079e-03 -4.74904664e-05
   -4.77353542e-03 -1.53623766e-03 -6.78591290e-03]
  [ 8.88964627e-03  3.25536914e-03  1.19119079e-03 -4.74904664e-05
   -4.77353542e-03 -1.53623766e-03 -6.78591290e-03]
  [ 8.88964627e-03  3.25536914e-03  1.19119079e-03 -4.74904664e-05
   -4.77353542e-03 -1.53623766e-03 -6.78591290e-03]
  [ 8.88964627e-03  3.25536914e-03  1.19119079e-03 -4.74904664e-05
   -4.77353542e-03 -1.53623766e-03 -6.78591290e-03]
  [ 8.88964627e-03  3.25536914e-03  1.19119079e-03 -4.74904664e-05
   -4.77353542e-03 -1.53623766e-03 -6.78591290e-03]
  [ 3.11849406e-02 -5.31278085e-03 -4.79835051e-03 -2.76856264e-03
    2.27993539e-02  1.05033432e-02  6.80008950e-03]
  [ 3.11849406e-02 -5.31278085e-03 -4.79835051e-03 -2.76856264e-03
    2.27993539e-02  1.05033432e-02  6.80008950e-03]
  [ 3.11849406e-02 -5.31278085e-03 -4.79835051e-03 -2.76856264e-03
    2.27993539e-02  1.05033432e-02  6.80008950e-03]
  [ 3.11849406e-02 -5.31278085e-03 -4.79835051e-03 -2.76856264e-03
    2.27993539e-02  1.05033432e-02  6.80008950e-03]
  [ 6.22652834e-02 -1.48054874e-02 -8.07842275e-03 -1.28364372e-02
    3.02566327e-02  1.92806552e-02  3.43157956e-03]
  [ 6.22652834e-02 -1.48054874e-02 -8.07842275e-03 -1.28364372e-02
    3.02566327e-02  1.92806552e-02  3.43157956e-03]
  [ 2.02589026e-02 -3.31811141e-03 -2.67943251e-04 -1.04905399e-02
    1.64976993e-02  6.07951160e-03 -5.22446027e-03]
  [ 2.02589026e-02 -3.31811141e-03 -2.67943251e-04 -1.04905399e-02
    1.64976993e-02  6.07951160e-03 -5.22446027e-03]
  [-1.29708080e-02 -9.96663468e-03  1.11735858e-02  6.66659325e-04
    3.50213359e-02  1.68324495e-03 -1.30354776e-02]
  [-1.29708080e-02 -9.96663468e-03  1.11735858e-02  6.66659325e-04
    3.50213359e-02  1.68324495e-03 -1.30354776e-02]
  [-8.44510924e-03 -1.02112587e-02  1.11534108e-02  1.06908940e-03
    3.48084645e-02  2.58113747e-03 -1.34107429e-02]
  [-8.44510924e-03 -1.02112587e-02  1.11534108e-02  1.06908940e-03
    3.48084645e-02  2.58113747e-03 -1.34107429e-02]
  [ 9.85649414e-04 -9.90657927e-03  1.37719218e-02 -2.14477954e-03
    3.28787718e-02 -6.69449568e-04 -8.74971086e-03]
  [ 9.85649414e-04 -9.90657927e-03  1.37719218e-02 -2.14477954e-03
    3.28787718e-02 -6.69449568e-04 -8.74971086e-03]
  [-1.61060384e-02 -1.74793927e-03  1.75703598e-02 -1.17938640e-03
    3.17395189e-02 -6.65253517e-03 -1.03873969e-02]
  [-1.61060384e-02 -1.74793927e-03  1.75703598e-02 -1.17938640e-03
    3.17395189e-02 -6.65253517e-03 -1.03873969e-02]
  [-4.63227890e-02  1.18266847e-02 -3.83364104e-03 -8.51875870e-03
   -5.25713080e-02 -7.29611923e-03 -2.70473664e-02]
  [-4.63227890e-02  1.18266847e-02 -3.83364104e-03 -8.51875870e-03
   -5.25713080e-02 -7.29611923e-03 -2.70473664e-02]
  [-7.94109628e-02  1.76143814e-02 -2.36342752e-02 -7.75451818e-03
   -5.16390052e-02  7.73386389e-03 -2.69734641e-02]
  [-7.94109628e-02  1.76143814e-02 -2.36342752e-02 -7.75451818e-03
   -5.16390052e-02  7.73386389e-03 -2.69734641e-02]
  [-1.51205435e-02 -3.67761077e-03 -1.42540642e-02 -5.92305604e-03
   -3.21247171e-02  2.95771261e-02 -5.46253519e-03]
  [-1.51205435e-02 -3.67761077e-03 -1.42540642e-02 -5.92305604e-03
   -3.21247171e-02  2.95771261e-02 -5.46253519e-03]
  [-1.47485249e-02 -4.53536538e-03 -1.31447165e-02 -6.27064984e-03
   -3.25628830e-02  3.04351769e-02 -6.19135471e-03]
  [-1.47485249e-02 -4.53536538e-03 -1.31447165e-02 -6.27064984e-03
   -3.25628830e-02  3.04351769e-02 -6.19135471e-03]
  [ 3.07656837e-02 -2.16680483e-02  4.25562008e-03 -1.00456587e-02
    3.24517514e-02  3.13179237e-02 -2.06937620e-02]
  [ 3.07656837e-02 -2.16680483e-02  4.25562008e-03 -1.00456587e-02
    3.24517514e-02  3.13179237e-02 -2.06937620e-02]
  [ 2.79064638e-02 -1.86475941e-02 -2.07973433e-03 -7.51949097e-03
    2.18710366e-02  2.42541064e-02 -1.63046548e-02]
  [ 2.79064638e-02 -1.86475941e-02 -2.07973433e-03 -7.51949097e-03
    2.18710366e-02  2.42541064e-02 -1.63046548e-02]
  [ 4.67383103e-02 -1.72286686e-02 -3.52553094e-03 -8.58261962e-03
    1.75302897e-02  2.88828003e-02 -9.72925180e-03]
  [ 4.67383103e-02 -1.72286686e-02 -3.52553094e-03 -8.58261962e-03
    1.75302897e-02  2.88828003e-02 -9.72925180e-03]
  [ 6.08190409e-02 -2.82950486e-02 -8.29153543e-03 -1.19929897e-02
    2.75481306e-02  4.16665829e-02 -9.91309022e-03]
  [ 6.08190409e-02 -2.82950486e-02 -8.29153543e-03 -1.19929897e-02
    2.75481306e-02  4.16665829e-02 -9.91309022e-03]
  [ 6.08190409e-02 -2.82950486e-02 -8.29153543e-03 -1.19929897e-02
    2.75481306e-02  4.16665829e-02 -9.91309022e-03]
  [ 3.78873894e-02 -2.34836180e-04 -3.57365470e-03 -1.29254451e-02
   -7.50655608e-03  3.07019226e-03  2.67133347e-03]
  [ 3.78873894e-02 -2.34836180e-04 -3.57365470e-03 -1.29254451e-02
   -7.50655608e-03  3.07019226e-03  2.67133347e-03]
  [ 3.78873894e-02 -2.34836180e-04 -3.57365470e-03 -1.29254451e-02
   -7.50655608e-03  3.07019226e-03  2.67133347e-03]
  [ 2.64746198e-02  1.48870849e-03  2.45584249e-03 -1.27250412e-02
   -4.94536288e-03 -4.94936085e-03 -9.29625994e-03]
  [ 2.64746198e-02  1.48870849e-03  2.45584249e-03 -1.27250412e-02
   -4.94536288e-03 -4.94936085e-03 -9.29625994e-03]
  [ 2.64746198e-02  1.48870849e-03  2.45584249e-03 -1.27250412e-02
   -4.94536288e-03 -4.94936085e-03 -9.29625994e-03]
  [ 2.64746198e-02  1.48870849e-03  2.45584249e-03 -1.27250412e-02
   -4.94536288e-03 -4.94936085e-03 -9.29625994e-03]
  [ 1.91695227e-02  2.10722076e-02  1.23065875e-02 -1.40903460e-02
   -3.77495166e-02 -3.53062490e-02 -8.09703787e-03]
  [ 1.91695227e-02  2.10722076e-02  1.23065875e-02 -1.40903460e-02
   -3.77495166e-02 -3.53062490e-02 -8.09703787e-03]
  [ 1.91695227e-02  2.10722076e-02  1.23065875e-02 -1.40903460e-02
   -3.77495166e-02 -3.53062490e-02 -8.09703787e-03]
  [ 1.91695227e-02  2.10722076e-02  1.23065875e-02 -1.40903460e-02
   -3.77495166e-02 -3.53062490e-02 -8.09703787e-03]
  [-2.00145968e-02  3.31896800e-02 -4.81310068e-04  4.35468195e-03
   -5.16785477e-02 -4.14092528e-02  1.16950421e-02]
  [-2.00145968e-02  3.31896800e-02 -4.81310068e-04  4.35468195e-03
   -5.16785477e-02 -4.14092528e-02  1.16950421e-02]
  [-2.87033969e-02  3.90971318e-02  5.36858279e-03  4.06553982e-03
   -4.99847466e-02 -5.65651270e-02  3.15347666e-03]
  [-2.87033969e-02  3.90971318e-02  5.36858279e-03  4.06553982e-03
   -4.99847466e-02 -5.65651270e-02  3.15347666e-03]
  [-3.05080139e-03  1.04107205e-02  1.80340734e-02 -1.02442490e-03
   -7.80773525e-03 -1.73878917e-02 -1.59732262e-02]
  [-3.05080139e-03  1.04107205e-02  1.80340734e-02 -1.02442490e-03
   -7.80773525e-03 -1.73878917e-02 -1.59732262e-02]
  [ 1.27582766e-04  1.11923367e-02  1.90427108e-02 -1.29787424e-03
   -8.86196447e-03 -2.02342370e-02 -1.59992325e-02]
  [ 1.27582766e-04  1.11923367e-02  1.90427108e-02 -1.29787424e-03
   -8.86196447e-03 -2.02342370e-02 -1.59992325e-02]
  [ 1.33710210e-01 -1.06484630e-01 -5.91317768e-03 -5.05384625e-02
    1.24583561e-01  9.90345635e-02 -5.21032112e-02]
  [ 1.14892469e-02 -4.71638183e-03 -3.72157432e-04 -4.42595088e-04
    5.83617422e-03  1.64546267e-02  4.60434235e-03]]]","[(np.str_('ቢሮ'), -0.00559729934977892), (np.str_('ቆዳን'), 0.0027252059331091586), (np.str_('ፍሬ'), 0.0026523191585997637), (np.str_('የቴሌግራም'), -0.0023668072188378995), (np.str_('ገፃችን'), -0.0021568882535679622), (np.str_('0928460606'), -0.0021282880221601447), (np.str_('0902660722'), -0.0020338306432870195), (np.str_('S05S06'), -0.0017627466448742449), (np.str_('ለተጨማሪ'), -0.0016073798708820448), (np.str_('ተመራጭ'), -0.0011415976906890247)]"
3 ተቀያያሪ ብርሀን ያለው በቻርጅ የሚሰራ ዋጋ፦ 1600 ብር ውስን ፍሬ ነው ያለው አድራሻ ቢሮ ቁ S05S06 0902660722 0928460606 በTelegram ለማዘዝ ይጠቀሙ ለተጨማሪ ማብራሪያ የቴሌግራም ገፃችን,N/A,"O, O, O, O, O, O, I-PRICE, B-PRICE, I-PRICE, O, O, O, O, O, B-LOC, O, B-LOC, O, O, O, O, O, O, O, O, O","[[[-1.31962495e-02  2.55508507e-02 -2.27881390e-03  6.38094614e-03
   -3.10929405e-02 -2.06188710e-02  3.75972688e-03]
  [-1.31962495e-02  2.55508507e-02 -2.27881390e-03  6.38094614e-03
   -3.10929405e-02 -2.06188710e-02  3.75972688e-03]
  [-1.31962495e-02  2.55508507e-02 -2.27881390e-03  6.38094614e-03
   -3.10929405e-02 -2.06188710e-02  3.75972688e-03]
  [-1.31962495e-02  2.55508507e-02 -2.27881390e-03  6.38094614e-03
   -3.10929405e-02 -2.06188710e-02  3.75972688e-03]
  [-1.52425552e-02  2.30155392e-02  7.05401137e-04  1.86665682e-04
   -2.49321528e-02 -1.79670529e-02 -4.85470425e-03]
  [-1.52425552e-02  2.30155392e-02  7.05401137e-04  1.86665682e-04
   -2.49321528e-02 -1.79670529e-02 -4.85470425e-03]
  [-3.33371619e-02  3.31672197e-02  1.18361134e-02  1.63861248e-03
   -3.25037205e-02 -4.42437717e-02 -1.83503563e-02]
  [-3.33371619e-02  3.31672197e-02  1.18361134e-02  1.63861248e-03
   -3.25037205e-02 -4.42437717e-02 -1.83503563e-02]
  [ 7.01455306e-03 -6.33811299e-03  9.30701746e-03 -9.60790482e-03
    1.77598621e-02  7.44355831e-03 -1.20783579e-02]
  [ 7.01455306e-03 -6.33811299e-03  9.30701746e-03 -9.60790482e-03
    1.77598621e-02  7.44355831e-03 -1.20783579e-02]
  [ 2.51567615e-02 -1.97105752e-02  5.30862380e-03 -1.87826932e-02
    2.76462917e-02  3.31912598e-02 -1.56109836e-02]
  [ 2.51567615e-02 -1.97105752e-02  5.30862380e-03 -1.87826932e-02
    2.76462917e-02  3.31912598e-02 -1.56109836e-02]
  [ 3.25022917e-03 -1.08941710e-02  2.04763039e-02 -1.69913045e-02
    1.88962009e-02  3.86278692e-03 -2.85547338e-02]
  [ 3.25022917e-03 -1.08941710e-02  2.04763039e-02 -1.69913045e-02
    1.88962009e-02  3.86278692e-03 -2.85547338e-02]
  [ 3.25022917e-03 -1.08941710e-02  2.04763039e-02 -1.69913045e-02
    1.88962009e-02  3.86278692e-03 -2.85547338e-02]
  [ 3.25022917e-03 -1.08941710e-02  2.04763039e-02 -1.69913045e-02
    1.88962009e-02  3.86278692e-03 -2.85547338e-02]
  [ 2.00036513e-02 -2.04048881e-02 -3.21076617e-04 -1.16032185e-02
    2.76916346e-02  2.93404190e-02 -1.21901186e-02]
  [ 2.00036513e-02 -2.04048881e-02 -3.21076617e-04 -1.16032185e-02
    2.76916346e-02  2.93404190e-02 -1.21901186e-02]
  [ 2.00036513e-02 -2.04048881e-02 -3.21076617e-04 -1.16032185e-02
    2.76916346e-02  2.93404190e-02 -1.21901186e-02]
  [ 2.00036513e-02 -2.04048881e-02 -3.21076617e-04 -1.16032185e-02
    2.76916346e-02  2.93404190e-02 -1.21901186e-02]
  [ 2.28832951e-02 -2.09144166e-02 -1.57433326e-03 -1.19811185e-02
    2.60508501e-02  3.25592858e-02 -1.02228775e-02]
  [ 2.28832951e-02 -2.09144166e-02 -1.57433326e-03 -1.19811185e-02
    2.60508501e-02  3.25592858e-02 -1.02228775e-02]
  [ 2.28832951e-02 -2.09144166e-02 -1.57433326e-03 -1.19811185e-02
    2.60508501e-02  3.25592858e-02 -1.02228775e-02]
  [ 2.28832951e-02 -2.09144166e-02 -1.57433326e-03 -1.19811185e-02
    2.60508501e-02  3.25592858e-02 -1.02228775e-02]
  [ 2.19696483e-03 -9.46543861e-03 -4.87582192e-03 -6.52890031e-03
   -2.86286029e-03  1.97607290e-02 -1.69336507e-02]
  [ 2.19696483e-03 -9.46543861e-03 -4.87582192e-03 -6.52890031e-03
   -2.86286029e-03  1.97607290e-02 -1.69336507e-02]
  [ 2.19696483e-03 -9.46543861e-03 -4.87582192e-03 -6.52890031e-03
   -2.86286029e-03  1.97607290e-02 -1.69336507e-02]
  [ 2.19696483e-03 -9.46543861e-03 -4.87582192e-03 -6.52890031e-03
   -2.86286029e-03  1.97607290e-02 -1.69336507e-02]
  [ 2.19696483e-03 -9.46543861e-03 -4.87582192e-03 -6.52890031e-03
   -2.86286029e-03  1.97607290e-02 -1.69336507e-02]
  [ 2.19696483e-03 -9.46543861e-03 -4.87582192e-03 -6.52890031e-03
   -2.86286029e-03  1.97607290e-02 -1.69336507e-02]
  [ 2.19696483e-03 -9.46543861e-03 -4.87582192e-03 -6.52890031e-03
   -2.86286029e-03  1.97607290e-02 -1.69336507e-02]
  [ 1.04966449e-02 -1.34689553e-02 -4.47800722e-03 -2.30805544e-03
   -3.54542242e-04  2.77934601e-02 -4.76539373e-03]
  [ 1.04966449e-02 -1.34689553e-02 -4.47800722e-03 -2.30805544e-03
   -3.54542242e-04  2.77934601e-02 -4.76539373e-03]
  [ 1.04966449e-02 -1.34689553e-02 -4.47800722e-03 -2.30805544e-03
   -3.54542242e-04  2.77934601e-02 -4.76539373e-03]
  [ 1.04966449e-02 -1.34689553e-02 -4.47800722e-03 -2.30805544e-03
   -3.54542242e-04  2.77934601e-02 -4.76539373e-03]
  [ 2.64473303e-02 -3.00758319e-02 -6.10159584e-03 -1.14790952e-02
    2.18882271e-02  4.64277850e-02 -7.36869644e-03]
  [ 2.64473303e-02 -3.00758319e-02 -6.10159584e-03 -1.14790952e-02
    2.18882271e-02  4.64277850e-02 -7.36869644e-03]
  [ 2.64473303e-02 -3.00758319e-02 -6.10159584e-03 -1.14790952e-02
    2.18882271e-02  4.64277850e-02 -7.36869644e-03]
  [ 2.64473303e-02 -3.00758319e-02 -6.10159584e-03 -1.14790952e-02
    2.18882271e-02  4.64277850e-02 -7.36869644e-03]
  [ 5.18468046e-02 -3.49430466e-02 -1.66974207e-03 -2.57037725e-02
    4.97891641e-02  4.38365238e-02  3.10975713e-03]
  [ 5.18468046e-02 -3.49430466e-02 -1.66974207e-03 -2.57037725e-02
    4.97891641e-02  4.38365238e-02  3.10975713e-03]
  [ 5.18468046e-02 -3.49430466e-02 -1.66974207e-03 -2.57037725e-02
    4.97891641e-02  4.38365238e-02  3.10975713e-03]
  [ 5.07432618e-02 -1.91957180e-02 -3.75951075e-03 -2.01254806e-02
    2.95959784e-02  3.20700501e-02  7.96254711e-03]
  [ 5.07432618e-02 -1.91957180e-02 -3.75951075e-03 -2.01254806e-02
    2.95959784e-02  3.20700501e-02  7.96254711e-03]
  [ 5.07432618e-02 -1.91957180e-02 -3.75951075e-03 -2.01254806e-02
    2.95959784e-02  3.20700501e-02  7.96254711e-03]
  [ 1.33838970e-02  3.90179735e-03  7.12684129e-03 -8.77092453e-03
   -1.19375666e-02 -1.95354479e-02 -2.98821796e-02]
  [ 1.33838970e-02  3.90179735e-03  7.12684129e-03 -8.77092453e-03
   -1.19375666e-02 -1.95354479e-02 -2.98821796e-02]
  [-1.59014668e-02  4.60972218e-02 -1.79233646e-02  2.19449098e-02
   -1.01356296e-01 -5.83012286e-02  1.24477278e-02]
  [-1.59014668e-02  4.60972218e-02 -1.79233646e-02  2.19449098e-02
   -1.01356296e-01 -5.83012286e-02  1.24477278e-02]
  [-5.47893904e-03  8.85895649e-02 -2.71757098e-02  4.00814670e-02
   -2.18053927e-01 -9.98588791e-02  4.15746532e-02]
  [-2.01526098e-03  6.50694678e-02 -3.10371292e-03  3.75503707e-02
   -1.27740012e-01 -6.01816149e-02  1.10227801e-02]
  [ 3.03666089e-02 -2.32322980e-03  4.51759031e-03 -1.32310349e-02
    2.57206546e-03 -4.33478714e-02 -2.12841812e-02]
  [ 3.65315396e-02 -2.23424742e-02  5.32800113e-03 -2.52956203e-02
    1.80136252e-02 -2.52599432e-02 -1.43802585e-03]
  [ 5.13037685e-02  7.46558290e-03 -1.66554151e-03 -1.59888576e-02
    4.25353628e-03 -5.10731676e-02 -1.26787160e-02]
  [ 5.13037685e-02  7.46558290e-03 -1.66554151e-03 -1.59888576e-02
    4.25353628e-03 -5.10731676e-02 -1.26787160e-02]
  [-1.90710705e-02  3.77664758e-02  3.52601642e-03  1.25832734e-02
   -4.47233023e-02 -4.50752299e-02 -1.05040628e-02]
  [-1.90710705e-02  3.77664758e-02  3.52601642e-03  1.25832734e-02
   -4.47233023e-02 -4.50752299e-02 -1.05040628e-02]
  [ 3.16320856e-03  5.52408795e-03  8.09187439e-03 -1.29524736e-03
    3.68473358e-03  2.46330621e-03 -8.47722553e-03]
  [ 3.16320856e-03  5.52408795e-03  8.09187439e-03 -1.29524736e-03
    3.68473358e-03  2.46330621e-03 -8.47722553e-03]
  [ 3.16320856e-03  5.52408795e-03  8.09187439e-03 -1.29524736e-03
    3.68473358e-03  2.46330621e-03 -8.47722553e-03]
  [ 3.16320856e-03  5.52408795e-03  8.09187439e-03 -1.29524736e-03
    3.68473358e-03  2.46330621e-03 -8.47722553e-03]
  [ 1.75365930e-03 -2.58732376e-03  2.22849083e-02 -9.09755497e-03
    2.11102583e-02  6.28296928e-03 -1.80900261e-02]
  [ 1.75365930e-03 -2.58732376e-03  2.22849083e-02 -9.09755497e-03
    2.11102583e-02  6.28296928e-03 -1.80900261e-02]]]","[(np.str_('የሚሰራ'), 0.031720475132552495), (np.str_('ዋጋ'), 0.020908942440221037), (np.str_('በቻርጅ'), 0.013471027974326965), (np.str_('ተቀያያሪ'), 0.008299932187818264), (np.str_('0928460606'), -0.006852021483881819), (np.str_('1600'), 0.006564797948144677), (np.str_('ይጠቀሙ'), -0.0062888252326015305), (np.str_('ብርሀን'), 0.005108248268650202), (np.str_('በTelegram'), -0.004206086312855724), (np.str_('የቴሌግራም'), 0.003984867595840143)]"
ዋጋ፦ 250 ብር ውስን ፍሬ ነው ያለው አድራሻ ቢሮ ቁ S05S06 0902660722 0928460606 በTelegram ለማዘዝ ይጠቀሙ ለተጨማሪ ማብራሪያ የቴሌግራም ገፃችን,N/A,"I-PRICE, B-PRICE, I-PRICE, O, O, O, O, O, B-LOC, O, B-LOC, O, O, O, O, O, O, O, O, O","[[[-4.78020255e-02  1.82516808e-02  3.26033554e-03  3.10216984e-03
   -4.36100387e-03 -2.96276433e-02 -2.43522585e-02]
  [-4.78020255e-02  1.82516808e-02  3.26033554e-03  3.10216984e-03
   -4.36100387e-03 -2.96276433e-02 -2.43522585e-02]
  [-4.93912119e-02  1.53713683e-02  8.14972678e-04  4.87675471e-03
   -4.25493089e-03 -2.46200075e-02 -2.45621377e-02]
  [-4.93912119e-02  1.53713683e-02  8.14972678e-04  4.87675471e-03
   -4.25493089e-03 -2.46200075e-02 -2.45621377e-02]
  [-3.64305675e-02  1.69059541e-03  4.86207387e-03 -3.77407903e-03
    4.56345326e-02 -4.69978503e-03  3.28883063e-04]
  [-3.64305675e-02  1.69059541e-03  4.86207387e-03 -3.77407903e-03
    4.56345326e-02 -4.69978503e-03  3.28883063e-04]
  [-2.54744925e-02 -2.05868455e-02  4.49705526e-03  6.05303328e-04
    1.44604957e-01  4.24589275e-02  4.12656902e-02]
  [-2.54744925e-02 -2.05868455e-02  4.49705526e-03  6.05303328e-04
    1.44604957e-01  4.24589275e-02  4.12656902e-02]
  [-6.53721765e-03 -1.12227825e-02 -2.56882687e-03 -1.52681745e-02
    2.88879010e-03  5.48319728e-03 -2.30736639e-02]
  [-6.53721765e-03 -1.12227825e-02 -2.56882687e-03 -1.52681745e-02
    2.88879010e-03  5.48319728e-03 -2.30736639e-02]
  [-6.53721765e-03 -1.12227825e-02 -2.56882687e-03 -1.52681745e-02
    2.88879010e-03  5.48319728e-03 -2.30736639e-02]
  [-6.53721765e-03 -1.12227825e-02 -2.56882687e-03 -1.52681745e-02
    2.88879010e-03  5.48319728e-03 -2.30736639e-02]
  [ 1.35669447e-02 -2.51605986e-02 -2.02742387e-02 -1.92811131e-02
    7.37721636e-03  4.94988228e-02 -1.80397313e-02]
  [ 1.35669447e-02 -2.51605986e-02 -2.02742387e-02 -1.92811131e-02
    7.37721636e-03  4.94988228e-02 -1.80397313e-02]
  [ 1.35669447e-02 -2.51605986e-02 -2.02742387e-02 -1.92811131e-02
    7.37721636e-03  4.94988228e-02 -1.80397313e-02]
  [ 1.35669447e-02 -2.51605986e-02 -2.02742387e-02 -1.92811131e-02
    7.37721636e-03  4.94988228e-02 -1.80397313e-02]
  [ 1.33362508e-02 -7.55890339e-03 -1.22000317e-02  1.20982860e-04
    1.13928390e-02  3.78274775e-02  1.77515649e-02]
  [ 1.33362508e-02 -7.55890339e-03 -1.22000317e-02  1.20982860e-04
    1.13928390e-02  3.78274775e-02  1.77515649e-02]
  [ 1.33362508e-02 -7.55890339e-03 -1.22000317e-02  1.20982860e-04
    1.13928390e-02  3.78274775e-02  1.77515649e-02]
  [ 1.33362508e-02 -7.55890339e-03 -1.22000317e-02  1.20982860e-04
    1.13928390e-02  3.78274775e-02  1.77515649e-02]
  [ 1.83843060e-02 -1.15356489e-02 -5.92288516e-03 -3.10162608e-03
    1.26032775e-02  2.99585450e-02  5.17766151e-03]
  [ 1.83843060e-02 -1.15356489e-02 -5.92288516e-03 -3.10162608e-03
    1.26032775e-02  2.99585450e-02  5.17766151e-03]
  [ 1.83843060e-02 -1.15356489e-02 -5.92288516e-03 -3.10162608e-03
    1.26032775e-02  2.99585450e-02  5.17766151e-03]
  [ 1.83843060e-02 -1.15356489e-02 -5.92288516e-03 -3.10162608e-03
    1.26032775e-02  2.99585450e-02  5.17766151e-03]
  [ 6.98173372e-02 -2.89251845e-02 -1.80952642e-02 -2.45903297e-02
    2.85294781e-02  5.13043823e-02 -1.35177665e-02]
  [ 6.98173372e-02 -2.89251845e-02 -1.80952642e-02 -2.45903297e-02
    2.85294781e-02  5.13043823e-02 -1.35177665e-02]
  [ 1.22711838e-01 -6.03744913e-02 -2.23798967e-02 -3.63276792e-02
    7.80996275e-02  9.35559581e-02  3.79040066e-03]
  [ 9.35954721e-02 -2.12900294e-02 -2.92428605e-03 -3.49854962e-02
    1.40301934e-02  2.73002979e-02 -1.06728967e-02]
  [ 9.35954721e-02 -2.12900294e-02 -2.92428605e-03 -3.49854962e-02
    1.40301934e-02  2.73002979e-02 -1.06728967e-02]
  [ 9.35954721e-02 -2.12900294e-02 -2.92428605e-03 -3.49854962e-02
    1.40301934e-02  2.73002979e-02 -1.06728967e-02]
  [ 2.11774409e-02 -4.56923991e-03 -1.07247531e-03 -8.08193255e-03
   -2.22868903e-03 -6.77072769e-03 -2.35244688e-02]
  [ 2.11774409e-02 -4.56923991e-03 -1.07247531e-03 -8.08193255e-03
   -2.22868903e-03 -6.77072769e-03 -2.35244688e-02]
  [ 4.59381044e-02  1.27824098e-02 -2.10754123e-02 -1.05416523e-02
   -9.59098233e-02 -4.49360674e-03 -6.92850910e-03]
  [ 4.59381044e-02  1.27824098e-02 -2.10754123e-02 -1.05416523e-02
   -9.59098233e-02 -4.49360674e-03 -6.92850910e-03]
  [ 6.00653403e-02 -8.51495191e-04  1.55308749e-02 -2.28011338e-02
   -8.43513932e-03 -9.52371722e-03 -1.56420004e-02]
  [ 6.00653403e-02 -8.51495191e-04  1.55308749e-02 -2.28011338e-02
   -8.43513932e-03 -9.52371722e-03 -1.56420004e-02]
  [ 4.65695597e-02  3.92873399e-03  6.19751579e-03 -1.50843477e-02
    2.60502205e-03 -2.08645999e-02 -6.79425709e-03]
  [ 4.65695597e-02  3.92873399e-03  6.19751579e-03 -1.50843477e-02
    2.60502205e-03 -2.08645999e-02 -6.79425709e-03]
  [ 1.67666223e-02  3.60883497e-02  7.70292323e-03 -1.10783381e-02
   -5.39386689e-02 -9.28825390e-02 -1.35502646e-02]
  [ 1.75005641e-02  3.41629110e-02  5.02374288e-03 -1.11927455e-02
   -5.24732738e-02 -8.92204519e-02 -1.42791903e-02]
  [-2.24575367e-02  5.55047862e-02  1.34522820e-02  8.23903363e-03
   -6.40476622e-02 -7.50929963e-02 -1.97089639e-02]
  [-2.05519464e-02  2.32444800e-02  6.30319663e-03  1.05438558e-02
   -2.99225253e-03 -2.40696173e-02  2.94420980e-03]
  [-3.04784449e-02  2.46823889e-02  1.46366392e-02  9.52139621e-03
   -5.59175812e-02 -3.39336702e-02 -2.72122024e-02]
  [-3.04784449e-02  2.46823889e-02  1.46366392e-02  9.52139621e-03
   -5.59175812e-02 -3.39336702e-02 -2.72122024e-02]
  [-3.11750929e-02  4.69315976e-02  2.78356083e-02  9.26663851e-03
   -8.28299300e-02 -6.89374664e-02 -4.09943739e-02]
  [-3.11750929e-02  4.69315976e-02  2.78356083e-02  9.26663851e-03
   -8.28299300e-02 -6.89374664e-02 -4.09943739e-02]
  [ 7.42674892e-03 -2.67142628e-02  2.66537128e-02 -1.60537890e-02
    8.65627795e-02  2.08058707e-02 -1.76582530e-02]
  [ 7.42674892e-03 -2.67142628e-02  2.66537128e-02 -1.60537890e-02
    8.65627795e-02  2.08058707e-02 -1.76582530e-02]]]","[(np.str_('ቢሮ'), -0.005070158971623858), (np.str_('ገፃችን'), -0.00400067665184696), (np.str_('ፍሬ'), 0.003878644123552795), (np.str_('ያለው'), 0.0028481578900586392), (np.str_('ለማዘዝ'), 0.0026856069880328622), (np.str_('የቴሌግራም'), -0.0025134490270616516), (np.str_('S05S06'), -0.002425366174697879), (np.str_('ነው'), -0.002362354609145924), (np.str_('ቁ'), 0.0022194178215015218), (np.str_('አድራሻ'), 0.0019617022478594995)]"
ዋጋ፦ 250 ብር ውስን ፍሬ ነው ያለው አድራሻ ቢሮ ቁ S05S06 0902660722 0928460606 በTelegram ለማዘዝ ይጠቀሙ ለተጨማሪ ማብራሪያ የቴሌግራም ገፃችን,N/A,"I-PRICE, B-PRICE, I-PRICE, O, O, O, O, O, B-LOC, O, B-LOC, O, O, O, O, O, O, O, O, O","[[[-4.78020255e-02  1.82516808e-02  3.26033554e-03  3.10216984e-03
   -4.36100387e-03 -2.96276433e-02 -2.43522585e-02]
  [-4.78020255e-02  1.82516808e-02  3.26033554e-03  3.10216984e-03
   -4.36100387e-03 -2.96276433e-02 -2.43522585e-02]
  [-4.93912119e-02  1.53713683e-02  8.14972678e-04  4.87675471e-03
   -4.25493089e-03 -2.46200075e-02 -2.45621377e-02]
  [-4.93912119e-02  1.53713683e-02  8.14972678e-04  4.87675471e-03
   -4.25493089e-03 -2.46200075e-02 -2.45621377e-02]
  [-3.64305675e-02  1.69059541e-03  4.86207387e-03 -3.77407903e-03
    4.56345326e-02 -4.69978503e-03  3.28883063e-04]
  [-3.64305675e-02  1.69059541e-03  4.86207387e-03 -3.77407903e-03
    4.56345326e-02 -4.69978503e-03  3.28883063e-04]
  [-2.54744925e-02 -2.05868455e-02  4.49705526e-03  6.05303328e-04
    1.44604957e-01  4.24589275e-02  4.12656902e-02]
  [-2.54744925e-02 -2.05868455e-02  4.49705526e-03  6.05303328e-04
    1.44604957e-01  4.24589275e-02  4.12656902e-02]
  [-6.53721765e-03 -1.12227825e-02 -2.56882687e-03 -1.52681745e-02
    2.88879010e-03  5.48319728e-03 -2.30736639e-02]
  [-6.53721765e-03 -1.12227825e-02 -2.56882687e-03 -1.52681745e-02
    2.88879010e-03  5.48319728e-03 -2.30736639e-02]
  [-6.53721765e-03 -1.12227825e-02 -2.56882687e-03 -1.52681745e-02
    2.88879010e-03  5.48319728e-03 -2.30736639e-02]
  [-6.53721765e-03 -1.12227825e-02 -2.56882687e-03 -1.52681745e-02
    2.88879010e-03  5.48319728e-03 -2.30736639e-02]
  [ 1.35669447e-02 -2.51605986e-02 -2.02742387e-02 -1.92811131e-02
    7.37721636e-03  4.94988228e-02 -1.80397313e-02]
  [ 1.35669447e-02 -2.51605986e-02 -2.02742387e-02 -1.92811131e-02
    7.37721636e-03  4.94988228e-02 -1.80397313e-02]
  [ 1.35669447e-02 -2.51605986e-02 -2.02742387e-02 -1.92811131e-02
    7.37721636e-03  4.94988228e-02 -1.80397313e-02]
  [ 1.35669447e-02 -2.51605986e-02 -2.02742387e-02 -1.92811131e-02
    7.37721636e-03  4.94988228e-02 -1.80397313e-02]
  [ 1.33362508e-02 -7.55890339e-03 -1.22000317e-02  1.20982860e-04
    1.13928390e-02  3.78274775e-02  1.77515649e-02]
  [ 1.33362508e-02 -7.55890339e-03 -1.22000317e-02  1.20982860e-04
    1.13928390e-02  3.78274775e-02  1.77515649e-02]
  [ 1.33362508e-02 -7.55890339e-03 -1.22000317e-02  1.20982860e-04
    1.13928390e-02  3.78274775e-02  1.77515649e-02]
  [ 1.33362508e-02 -7.55890339e-03 -1.22000317e-02  1.20982860e-04
    1.13928390e-02  3.78274775e-02  1.77515649e-02]
  [ 1.83843060e-02 -1.15356489e-02 -5.92288516e-03 -3.10162608e-03
    1.26032775e-02  2.99585450e-02  5.17766151e-03]
  [ 1.83843060e-02 -1.15356489e-02 -5.92288516e-03 -3.10162608e-03
    1.26032775e-02  2.99585450e-02  5.17766151e-03]
  [ 1.83843060e-02 -1.15356489e-02 -5.92288516e-03 -3.10162608e-03
    1.26032775e-02  2.99585450e-02  5.17766151e-03]
  [ 1.83843060e-02 -1.15356489e-02 -5.92288516e-03 -3.10162608e-03
    1.26032775e-02  2.99585450e-02  5.17766151e-03]
  [ 6.98173372e-02 -2.89251845e-02 -1.80952642e-02 -2.45903297e-02
    2.85294781e-02  5.13043823e-02 -1.35177665e-02]
  [ 6.98173372e-02 -2.89251845e-02 -1.80952642e-02 -2.45903297e-02
    2.85294781e-02  5.13043823e-02 -1.35177665e-02]
  [ 1.22711838e-01 -6.03744913e-02 -2.23798967e-02 -3.63276792e-02
    7.80996275e-02  9.35559581e-02  3.79040066e-03]
  [ 9.35954721e-02 -2.12900294e-02 -2.92428605e-03 -3.49854962e-02
    1.40301934e-02  2.73002979e-02 -1.06728967e-02]
  [ 9.35954721e-02 -2.12900294e-02 -2.92428605e-03 -3.49854962e-02
    1.40301934e-02  2.73002979e-02 -1.06728967e-02]
  [ 9.35954721e-02 -2.12900294e-02 -2.92428605e-03 -3.49854962e-02
    1.40301934e-02  2.73002979e-02 -1.06728967e-02]
  [ 2.11774409e-02 -4.56923991e-03 -1.07247531e-03 -8.08193255e-03
   -2.22868903e-03 -6.77072769e-03 -2.35244688e-02]
  [ 2.11774409e-02 -4.56923991e-03 -1.07247531e-03 -8.08193255e-03
   -2.22868903e-03 -6.77072769e-03 -2.35244688e-02]
  [ 4.59381044e-02  1.27824098e-02 -2.10754123e-02 -1.05416523e-02
   -9.59098233e-02 -4.49360674e-03 -6.92850910e-03]
  [ 4.59381044e-02  1.27824098e-02 -2.10754123e-02 -1.05416523e-02
   -9.59098233e-02 -4.49360674e-03 -6.92850910e-03]
  [ 6.00653403e-02 -8.51495191e-04  1.55308749e-02 -2.28011338e-02
   -8.43513932e-03 -9.52371722e-03 -1.56420004e-02]
  [ 6.00653403e-02 -8.51495191e-04  1.55308749e-02 -2.28011338e-02
   -8.43513932e-03 -9.52371722e-03 -1.56420004e-02]
  [ 4.65695597e-02  3.92873399e-03  6.19751579e-03 -1.50843477e-02
    2.60502205e-03 -2.08645999e-02 -6.79425709e-03]
  [ 4.65695597e-02  3.92873399e-03  6.19751579e-03 -1.50843477e-02
    2.60502205e-03 -2.08645999e-02 -6.79425709e-03]
  [ 1.67666223e-02  3.60883497e-02  7.70292323e-03 -1.10783381e-02
   -5.39386689e-02 -9.28825390e-02 -1.35502646e-02]
  [ 1.75005641e-02  3.41629110e-02  5.02374288e-03 -1.11927455e-02
   -5.24732738e-02 -8.92204519e-02 -1.42791903e-02]
  [-2.24575367e-02  5.55047862e-02  1.34522820e-02  8.23903363e-03
   -6.40476622e-02 -7.50929963e-02 -1.97089639e-02]
  [-2.05519464e-02  2.32444800e-02  6.30319663e-03  1.05438558e-02
   -2.99225253e-03 -2.40696173e-02  2.94420980e-03]
  [-3.04784449e-02  2.46823889e-02  1.46366392e-02  9.52139621e-03
   -5.59175812e-02 -3.39336702e-02 -2.72122024e-02]
  [-3.04784449e-02  2.46823889e-02  1.46366392e-02  9.52139621e-03
   -5.59175812e-02 -3.39336702e-02 -2.72122024e-02]
  [-3.11750929e-02  4.69315976e-02  2.78356083e-02  9.26663851e-03
   -8.28299300e-02 -6.89374664e-02 -4.09943739e-02]
  [-3.11750929e-02  4.69315976e-02  2.78356083e-02  9.26663851e-03
   -8.28299300e-02 -6.89374664e-02 -4.09943739e-02]
  [ 7.42674892e-03 -2.67142628e-02  2.66537128e-02 -1.60537890e-02
    8.65627795e-02  2.08058707e-02 -1.76582530e-02]
  [ 7.42674892e-03 -2.67142628e-02  2.66537128e-02 -1.60537890e-02
    8.65627795e-02  2.08058707e-02 -1.76582530e-02]]]","[(np.str_('S05S06'), -0.004221426491086355), (np.str_('ቢሮ'), -0.004098376190799354), (np.str_('ፍሬ'), 0.00406440067456877), (np.str_('ውስን'), -0.003986557335942809), (np.str_('0928460606'), -0.0033048934289327788), (np.str_('አድራሻ'), 0.0032969662671801124), (np.str_('ለማዘዝ'), 0.0030481683204759778), (np.str_('0902660722'), -0.0029736922618031902), (np.str_('ለተጨማሪ'), 0.0023477358678933745), (np.str_('ያለው'), 0.002126821328711346)]"
ለእግር ልስላሴ ለሚሰነጣጠቅ እግር ድርቀትን የሚያለሰልስ የሚታጠብ በቀን ከ2030 ደቂቃ ብንጠቀመው የእግራችንን ልስላሴ ሙሉ በሙሉ መመለስ ይቻላል ዋጋ፦ 450ብር ውስን ፍሬ ነው ያለው አድራሻ ቢሮ ቁ S05S06 0902660722 0928460606 በTelegram ለማዘዝ ይጠቀሙ ለተጨማሪ ማብራሪያ የቴሌግራም ገፃችን,N/A,"O, O, O, O, O, O, O, O, O, O, O, O, O, O, O, O, O, I-PRICE, O, O, O, O, O, O, B-LOC, O, B-LOC, O, O, O, O, O, O, O, O, O",SKIPPED,SKIPPED
ለእግር ልስላሴ ለሚሰነጣጠቅ እግር ድርቀትን የሚያለሰልስ የሚታጠብ በቀን ከ2030 ደቂቃ ብንጠቀመው የእግራችንን ልስላሴ ሙሉ በሙሉ መመለስ ይቻላል ዋጋ፦ 450ብር ውስን ፍሬ ነው ያለው አድራሻ ቢሮ ቁ S05S06 0902660722 0928460606 በTelegram ለማዘዝ ይጠቀሙ ለተጨማሪ ማብራሪያ የቴሌግራም ገፃችን,N/A,"O, O, O, O, O, O, O, O, O, O, O, O, O, O, O, O, O, I-PRICE, O, O, O, O, O, O, B-LOC, O, B-LOC, O, O, O, O, O, O, O, O, O",SKIPPED,SKIPPED
: 3W 5W : 1800 2000mAh : 1x 1x ዋጋ፦ 1500 ብር ውስን ፍሬ ነው ያለው አድራሻ ቢሮ ቁ S05S06 0902660722 0928460606 በTelegram ለማዘዝ ይጠቀሙ ለተጨማሪ ማብራሪያ የቴሌግራም ገፃችን,N/A,"O, O, O, O, O, O, O, O, O, I-PRICE, B-PRICE, I-PRICE, O, O, O, O, O, B-LOC, O, B-LOC, O, O, O, O, O, O, O, O, O",SKIPPED,SKIPPED
: 3W 5W : 1800 2000mAh : 1x 1x ዋጋ፦ 1500 ብር ውስን ፍሬ ነው ያለው አድራሻ ቢሮ ቁ S05S06 0902660722 0928460606 በTelegram ለማዘዝ ይጠቀሙ ለተጨማሪ ማብራሪያ የቴሌግራም ገፃችን,N/A,"O, O, O, O, O, O, O, O, O, I-PRICE, B-PRICE, I-PRICE, O, O, O, O, O, B-LOC, O, B-LOC, O, O, O, O, O, O, O, O, O",SKIPPED,SKIPPED
ለኪችንዎ ውበት እጅግ ተመራጭ ውሀ የማያስገባ ቅባት ዘይት ነገሮች እሳት እና ተቀጣጣይ ነገሮችን የሚቋቋም ለኪችን ካቢኔት ለካቢኔት መሳቢያወች ለኪችንዎ ግርግዳ ኪችንዎትን ውብ እና ፅዱ ለማድረግ ተመራጭ ዋጋ፦5m 60cm 900 ብር ውስን ፍሬ ነው ያለው አድራሻ ቢሮ ቁ S05S06 0902660722 0928460606 በTelegram ለማዘዝ ይጠቀሙ ለተጨማሪ ማብራሪያ የቴሌግራም ገፃችን,N/A,"O, O, O, O, O, O, O, O, O, O, O, O, O, O, O, O, O, O, O, O, O, O, O, O, O, O, I-PRICE, O, B-PRICE, I-PRICE, O, O, O, O, O, B-LOC, O, B-LOC, O, O, O, O, O, O, O, O, O",SKIPPED,SKIPPED
ለኪችንዎ ውበት እጅግ ተመራጭ ውሀ የማያስገባ ቅባት ዘይት ነገሮች እሳት እና ተቀጣጣይ ነገሮችን የሚቋቋም ለኪችን ካቢኔት ለካቢኔት መሳቢያወች ለኪችንዎ ግርግዳ ኪችንዎትን ውብ እና ፅዱ ለማድረግ ተመራጭ ዋጋ፦5m 60cm 900 ብር ውስን ፍሬ ነው ያለው አድራሻ ቢሮ ቁ S05S06 0902660722 0928460606 በTelegram ለማዘዝ ይጠቀሙ ለተጨማሪ ማብራሪያ የቴሌግራም ገፃችን,N/A,"O, O, O, O, O, O, O, O, O, O, O, O, O, O, O, O, O, O, O, O, O, O, O, O, O, O, I-PRICE, O, B-PRICE, I-PRICE, O, O, O, O, O, B-LOC, O, B-LOC, O, O, O, O, O, O, O, O, O",SKIPPED,SKIPPED
ስድስት አይነት ቅርጽ ዋጋ፦ 700 ብር ውስን ፍሬ ነው ያለው አድራሻ ቢሮ ቁ S05S06 0902660722 0928460606 በTelegram ለማዘዝ ይጠቀሙ ለተጨማሪ ማብራሪያ የቴሌግራም ገፃችን,N/A,"O, O, O, I-PRICE, B-PRICE, I-PRICE, O, O, O, O, O, B-LOC, O, B-LOC, O, O, O, O, O, O, O, O, O",SKIPPED,SKIPPED
በረፍት ቀንዎ ሱቅ ላይ መስተናገድ ለምትፈልጉ ውድ ደንበኞቻችን ነገ ከጠዋቱ 4:30 _ ቀኑ 11:00 ድረስ ሱቃችን ክፍት ሁኖ ይጠብቅዎታል ሱቅ መተው መግዛት ላልቻላችሁ በሞተረኞች ያሉበት እናደርሳለን ዘወትር ሰኞ _ቅዳሜ ከጠዋቱ 2:30 እስከ ምሽቱ 2:00 ድረስ ክፍት መሆኑን እንገልፃለን አድራሻ ቢሮ ቁ S05S06 0902660722 0928460606 በTelegram ለማዘዝ ይጠቀሙ ለተጨማሪ ማብራሪያ የቴሌግራም ገፃችን,N/A,"O, O, O, O, O, O, O, O, O, O, O, O, O, O, O, O, O, O, O, O, O, O, O, O, O, O, O, O, O, O, O, O, O, O, O, O, O, O, O, B-LOC, O, B-LOC, O, O, O, O, O, O, O, O, O",SKIPPED,SKIPPED
50mm 15 ዋጋ፦ 650 ብር ውስን ፍሬ ነው ያለው አድራሻ ቢሮ ቁ S05S06 0902660722 0928460606 በTelegram ለማዘዝ ይጠቀሙ ለተጨማሪ ማብራሪያ የቴሌግራም ገፃችን,N/A,"O, O, I-PRICE, B-PRICE, I-PRICE, O, O, O, O, O, B-LOC, O, B-LOC, O, O, O, O, O, O, O, O, O",SKIPPED,SKIPPED
50mm 15 ዋጋ፦ 650 ብር ውስን ፍሬ ነው ያለው አድራሻ ቢሮ ቁ S05S06 0902660722 0928460606 በTelegram ለማዘዝ ይጠቀሙ ለተጨማሪ ማብራሪያ የቴሌግራም ገፃችን,N/A,"O, O, I-PRICE, B-PRICE, I-PRICE, O, O, O, O, O, B-LOC, O, B-LOC, O, O, O, O, O, O, O, O, O",SKIPPED,SKIPPED
ዋጋ፦ 450 ብር ውስን ፍሬ ነው ያለው አድራሻ ቢሮ ቁ S05S06 0902660722 0928460606 በTelegram ለማዘዝ ይጠቀሙ ለተጨማሪ ማብራሪያ የቴሌግራም ገፃችን,N/A,"I-PRICE, B-PRICE, I-PRICE, O, O, O, O, O, B-LOC, O, B-LOC, O, O, O, O, O, O, O, O, O",SKIPPED,SKIPPED
6 4 ዋጋ፦ 850 ብር ውስን ፍሬ ነው ያለው አድራሻ ቢሮ ቁ S05S06 0902660722 0928460606 በTelegram ለማዘዝ ይጠቀሙ ለተጨማሪ ማብራሪያ የቴሌግራም ገፃችን,N/A,"O, O, I-PRICE, B-PRICE, I-PRICE, O, O, O, O, O, B-LOC, O, B-LOC, O, O, O, O, O, O, O, O, O",SKIPPED,SKIPPED
6 4 ዋጋ፦ 850 ብር ውስን ፍሬ ነው ያለው አድራሻ ቢሮ ቁ S05S06 0902660722 0928460606 በTelegram ለማዘዝ ይጠቀሙ ለተጨማሪ ማብራሪያ የቴሌግራም ገፃችን,N/A,"O, O, I-PRICE, B-PRICE, I-PRICE, O, O, O, O, O, B-LOC, O, B-LOC, O, O, O, O, O, O, O, O, O",SKIPPED,SKIPPED
6 4 ዋጋ፦ 850 ብር ውስን ፍሬ ነው ያለው አድራሻ ቢሮ ቁ S05S06 0902660722 0928460606 በTelegram ለማዘዝ ይጠቀሙ ለተጨማሪ ማብራሪያ የቴሌግራም ገፃችን,N/A,"O, O, I-PRICE, B-PRICE, I-PRICE, O, O, O, O, O, B-LOC, O, B-LOC, O, O, O, O, O, O, O, O, O",SKIPPED,SKIPPED
ሲሊከን የልጆች ጫማ ማለማመጃ ልጆች በቀላሉ የማያወልቁት ዋጋ፦ 600 ብር ውስን ፍሬ ነው ያለው አድራሻ ቢሮ ቁ S05S06 0902660722 0928460606 በTelegram ለማዘዝ ይጠቀሙ ለተጨማሪ ማብራሪያ የቴሌግራም ገፃችን,N/A,"O, O, O, O, O, O, O, I-PRICE, B-PRICE, I-PRICE, O, O, O, O, O, B-LOC, O, B-LOC, O, O, O, O, O, O, O, O, O",SKIPPED,SKIPPED
ዋጋ፦ 250 ብር ውስን ፍሬ ነው ያለው አድራሻ ቢሮ ቁ S05S06 0902660722 0928460606 በTelegram ለማዘዝ ይጠቀሙ ለተጨማሪ ማብራሪያ የቴሌግራም ገፃችን,N/A,"I-PRICE, B-PRICE, I-PRICE, O, O, O, O, O, B-LOC, O, B-LOC, O, O, O, O, O, O, O, O, O",SKIPPED,SKIPPED
ዋጋ፦ 250 ብር ውስን ፍሬ ነው ያለው አድራሻ ቢሮ ቁ S05S06 0902660722 0928460606 በTelegram ለማዘዝ ይጠቀሙ ለተጨማሪ ማብራሪያ የቴሌግራም ገፃችን,N/A,"I-PRICE, B-PRICE, I-PRICE, O, O, O, O, O, B-LOC, O, B-LOC, O, O, O, O, O, O, O, O, O",SKIPPED,SKIPPED
ለልጅዎ 85inch ልጆች እየተዝናኑ የሚማሩበት ለፅሁፍ እና ለስዕል መለማመጃ የሚሆን የወረቀት እና እርሳስ ወጪን የሚቆጥብ ብናኝ ወይም አይን የሚወጋ ብርሀን ስለሌለው በምቾት እና በደህንነት ለረጅም ሰአት የሚጠቀሙበት ለቢሮ እና ለምግብ ቤት ለተለያዬ አገልግሎቶች መጠቀም ይችላሉ ምስሉ የፈለጉትን ያህል መቆየት የሚችል ሲሆን አንድ ቁልፍ ብቻ በመጫን መቆለፍም ሆነ መሰረዝ ያስችላል ታብሌቱ ቀጭን ስለሆነ በእጅ ቦርሳ ለመያዝ አመቺ ነው። ዋጋ፦ 500 ብር ውስን ፍሬ ነው ያለው አድራሻ ቢሮ ቁ S05S06 0902660722 0928460606 በTelegram ለማዘዝ ይጠቀሙ ለተጨማሪ ማብራሪያ የቴሌግራም ገፃችን,N/A,"O, O, O, O, O, O, O, O, O, O, O, O, O, O, O, O, O, O, O, O, O, O, O, O, O, O, O, O, O, O, O, O, O, O, O, O, O, O, O, O, O, O, O, O, O, O, O, O, O, O, O, O, O, O, O, I-Product, O, I-PRICE, B-PRICE, I-PRICE, O, O, O, O, O, B-LOC, O, B-LOC, O, O, O, O, O, O, O, O, O",SKIPPED,SKIPPED
ለልጅዎ 85inch ልጆች እየተዝናኑ የሚማሩበት ለፅሁፍ እና ለስዕል መለማመጃ የሚሆን የወረቀት እና እርሳስ ወጪን የሚቆጥብ ብናኝ ወይም አይን የሚወጋ ብርሀን ስለሌለው በምቾት እና በደህንነት ለረጅም ሰአት የሚጠቀሙበት ለቢሮ እና ለምግብ ቤት ለተለያዬ አገልግሎቶች መጠቀም ይችላሉ ምስሉ የፈለጉትን ያህል መቆየት የሚችል ሲሆን አንድ ቁልፍ ብቻ በመጫን መቆለፍም ሆነ መሰረዝ ያስችላል ታብሌቱ ቀጭን ስለሆነ በእጅ ቦርሳ ለመያዝ አመቺ ነው። ዋጋ፦ 500 ብር ውስን ፍሬ ነው ያለው አድራሻ ቢሮ ቁ S05S06 0902660722 0928460606 በTelegram ለማዘዝ ይጠቀሙ ለተጨማሪ ማብራሪያ የቴሌግራም ገፃችን,N/A,"O, O, O, O, O, O, O, O, O, O, O, O, O, O, O, O, O, O, O, O, O, O, O, O, O, O, O, O, O, O, O, O, O, O, O, O, O, O, O, O, O, O, O, O, O, O, O, O, O, O, O, O, O, O, O, I-Product, O, I-PRICE, B-PRICE, I-PRICE, O, O, O, O, O, B-LOC, O, B-LOC, O, O, O, O, O, O, O, O, O",SKIPPED,SKIPPED
ለልጅዎ 85inch ልጆች እየተዝናኑ የሚማሩበት ለፅሁፍ እና ለስዕል መለማመጃ የሚሆን የወረቀት እና እርሳስ ወጪን የሚቆጥብ ብናኝ ወይም አይን የሚወጋ ብርሀን ስለሌለው በምቾት እና በደህንነት ለረጅም ሰአት የሚጠቀሙበት ለቢሮ እና ለምግብ ቤት ለተለያዬ አገልግሎቶች መጠቀም ይችላሉ ምስሉ የፈለጉትን ያህል መቆየት የሚችል ሲሆን አንድ ቁልፍ ብቻ በመጫን መቆለፍም ሆነ መሰረዝ ያስችላል ታብሌቱ ቀጭን ስለሆነ በእጅ ቦርሳ ለመያዝ አመቺ ነው። ዋጋ፦ 500 ብር ውስን ፍሬ ነው ያለው አድራሻ ቢሮ ቁ S05S06 0902660722 0928460606 በTelegram ለማዘዝ ይጠቀሙ ለተጨማሪ ማብራሪያ የቴሌግራም ገፃችን,N/A,"O, O, O, O, O, O, O, O, O, O, O, O, O, O, O, O, O, O, O, O, O, O, O, O, O, O, O, O, O, O, O, O, O, O, O, O, O, O, O, O, O, O, O, O, O, O, O, O, O, O, O, O, O, O, O, I-Product, O, I-PRICE, B-PRICE, I-PRICE, O, O, O, O, O, B-LOC, O, B-LOC, O, O, O, O, O, O, O, O, O",SKIPPED,SKIPPED
: 385ml ዋጋ፦ 450 ብር ውስን ፍሬ ነው ያለው አድራሻ ቢሮ ቁ S05S06 0902660722 0928460606 በTelegram ለማዘዝ ይጠቀሙ ለተጨማሪ ማብራሪያ የቴሌግራም ገፃችን,N/A,"O, O, I-PRICE, B-PRICE, I-PRICE, O, O, O, O, O, B-LOC, O, B-LOC, O, O, O, O, O, O, O, O, O",SKIPPED,SKIPPED
: 385ml ዋጋ፦ 450 ብር ውስን ፍሬ ነው ያለው አድራሻ ቢሮ ቁ S05S06 0902660722 0928460606 በTelegram ለማዘዝ ይጠቀሙ ለተጨማሪ ማብራሪያ የቴሌግራም ገፃችን,N/A,"O, O, I-PRICE, B-PRICE, I-PRICE, O, O, O, O, O, B-LOC, O, B-LOC, O, O, O, O, O, O, O, O, O",SKIPPED,SKIPPED
: 385ml ዋጋ፦ 450 ብር ውስን ፍሬ ነው ያለው አድራሻ ቢሮ ቁ S05S06 0902660722 0928460606 በTelegram ለማዘዝ ይጠቀሙ ለተጨማሪ ማብራሪያ የቴሌግራም ገፃችን,N/A,"O, O, I-PRICE, B-PRICE, I-PRICE, O, O, O, O, O, B-LOC, O, B-LOC, O, O, O, O, O, O, O, O, O",SKIPPED,SKIPPED
ዋጋ፦ ርዝመት 160Cm 650 ብር ውስን ፍሬ ነው ያለው አድራሻ ቢሮ ቁ S05S06 0902660722 0928460606 በTelegram ለማዘዝ ይጠቀሙ ለተጨማሪ ማብራሪያ የቴሌግራም ገፃችን,N/A,"I-PRICE, O, O, B-PRICE, I-PRICE, O, O, O, O, O, B-LOC, O, B-LOC, O, O, O, O, O, O, O, O, O",SKIPPED,SKIPPED
ዋጋ፦ ርዝመት 160Cm 650 ብር ውስን ፍሬ ነው ያለው አድራሻ ቢሮ ቁ S05S06 0902660722 0928460606 በTelegram ለማዘዝ ይጠቀሙ ለተጨማሪ ማብራሪያ የቴሌግራም ገፃችን,N/A,"I-PRICE, O, O, B-PRICE, I-PRICE, O, O, O, O, O, B-LOC, O, B-LOC, O, O, O, O, O, O, O, O, O",SKIPPED,SKIPPED
የአይስ ክሬም ማውጫ ዋጋ፦ 800 ብር ውስን ፍሬ ነው ያለው አድራሻ ቢሮ ቁ S05S06 0902660722 0928460606 በTelegram ለማዘዝ ይጠቀሙ ለተጨማሪ ማብራሪያ የቴሌግራም ገፃችን,N/A,"O, O, O, I-PRICE, B-PRICE, I-PRICE, O, O, O, O, O, B-LOC, O, B-LOC, O, O, O, O, O, O, O, O, O",SKIPPED,SKIPPED
500ml የራሳቸው ስትሮ ያላቸው ውብ እና ማራኪ የሆኑ የጁስ መጠጫ ብርጭቆወች ዋጋ፦ 650 ብር ውስን ፍሬ ነው ያለው አድራሻ ቢሮ ቁ S05S06 0902660722 0928460606 በTelegram ለማዘዝ ይጠቀሙ ለተጨማሪ ማብራሪያ የቴሌግራም ገፃችን,N/A,"O, O, O, O, O, O, O, O, O, O, O, I-PRICE, B-PRICE, I-PRICE, O, O, O, O, O, B-LOC, O, B-LOC, O, O, O, O, O, O, O, O, O",SKIPPED,SKIPPED
500ml የራሳቸው ስትሮ ያላቸው ውብ እና ማራኪ የሆኑ የጁስ መጠጫ ብርጭቆወች ዋጋ፦ 650 ብር ውስን ፍሬ ነው ያለው አድራሻ ቢሮ ቁ S05S06 0902660722 0928460606 በTelegram ለማዘዝ ይጠቀሙ ለተጨማሪ ማብራሪያ የቴሌግራም ገፃችን,N/A,"O, O, O, O, O, O, O, O, O, O, O, I-PRICE, B-PRICE, I-PRICE, O, O, O, O, O, B-LOC, O, B-LOC, O, O, O, O, O, O, O, O, O",SKIPPED,SKIPPED
የጡት ጫፍ ዋጋ፦ 400 ብር አድራሻ ቢሮ ቁ S05S06 0902660722 0928460606 በTelegram ለማዘዝ ይጠቀሙ ለተጨማሪ ማብራሪያ የቴሌግራም ገፃችን,N/A,"O, O, I-PRICE, B-PRICE, I-PRICE, O, B-LOC, O, B-LOC, O, O, O, O, O, O, O, O, O",SKIPPED,SKIPPED
2pcs ዋጋ፦ 2pc 300 ብር ውስን ፍሬ ነው ያለው አድራሻ ቢሮ ቁ S05S06 0902660722 0928460606 በTelegram ለማዘዝ ይጠቀሙ ለተጨማሪ ማብራሪያ የቴሌግራም ገፃችን,N/A,"O, I-PRICE, O, B-PRICE, I-PRICE, O, O, O, O, O, B-LOC, O, B-LOC, O, O, O, O, O, O, O, O, O",SKIPPED,SKIPPED
2pcs ዋጋ፦ 2pc 300 ብር ውስን ፍሬ ነው ያለው አድራሻ ቢሮ ቁ S05S06 0902660722 0928460606 በTelegram ለማዘዝ ይጠቀሙ ለተጨማሪ ማብራሪያ የቴሌግራም ገፃችን,N/A,"O, I-PRICE, O, B-PRICE, I-PRICE, O, O, O, O, O, B-LOC, O, B-LOC, O, O, O, O, O, O, O, O, O",SKIPPED,SKIPPED
የታሸጉ መጠጦች እና ምግቦች ክዳን መክፈቻ አራት የተለያየ ስፋት ያላቸውን ክዳኖች ይከፍቱበታል 14 175 23 እና 295 ኢንች ስፋት ያላቸውን ክዳኖች መክፈቻ ምቹ እና ለአጠቃቀም ቀላል ዋጋ፦ 700 ብር ውስን ፍሬ ነው ያለው አድራሻ ቢሮ ቁ S05S06 0902660722 0928460606 በTelegram ለማዘዝ ይጠቀሙ ለተጨማሪ ማብራሪያ የቴሌግራም ገፃችን,N/A,"O, O, O, O, O, O, O, O, O, O, O, O, O, O, O, O, O, O, O, O, O, O, O, O, O, O, I-PRICE, B-PRICE, I-PRICE, O, O, O, O, O, B-LOC, O, B-LOC, O, O, O, O, O, O, O, O, O",SKIPPED,SKIPPED
የታሸጉ መጠጦች እና ምግቦች ክዳን መክፈቻ አራት የተለያየ ስፋት ያላቸውን ክዳኖች ይከፍቱበታል 14 175 23 እና 295 ኢንች ስፋት ያላቸውን ክዳኖች መክፈቻ ምቹ እና ለአጠቃቀም ቀላል ዋጋ፦ 700 ብር ውስን ፍሬ ነው ያለው አድራሻ ቢሮ ቁ S05S06 0902660722 0928460606 በTelegram ለማዘዝ ይጠቀሙ ለተጨማሪ ማብራሪያ የቴሌግራም ገፃችን,N/A,"O, O, O, O, O, O, O, O, O, O, O, O, O, O, O, O, O, O, O, O, O, O, O, O, O, O, I-PRICE, B-PRICE, I-PRICE, O, O, O, O, O, B-LOC, O, B-LOC, O, O, O, O, O, O, O, O, O",SKIPPED,SKIPPED
በረፍት ቀንዎ ሱቅ ላይ መስተናገድ ለምትፈልጉ ውድ ደንበኞቻችን ነገ ከጠዋቱ 4:30 _ ቀኑ 11:00 ድረስ ሱቃችን ክፍት ሁኖ ይጠብቅዎታል ሱቅ መተው መግዛት ላልቻላችሁ በሞተረኞች ያሉበት እናደርሳለን ዘወትር ሰኞ _ቅዳሜ ከጠዋቱ 2:30 እስከ ምሽቱ 2:00 ድረስ ክፍት መሆኑን እንገልፃለን አድራሻ ቢሮ ቁ S05S06 0902660722 0928460606 በTelegram ለማዘዝ ይጠቀሙ ለተጨማሪ ማብራሪያ የቴሌግራም ገፃችን,N/A,"O, O, O, O, O, O, O, O, O, O, O, O, O, O, O, O, O, O, O, O, O, O, O, O, O, O, O, O, O, O, O, O, O, O, O, O, O, O, O, B-LOC, O, B-LOC, O, O, O, O, O, O, O, O, O",SKIPPED,SKIPPED
6pcs እንደ ማማሰያም መጠጫም የሚያገለግል የማይዝግ የራሱ ማፅጃ ብሩሽ ያለው በ 2 የቀለም አማራጭ ዋጋ፦ 600 ብር ውስን ፍሬ ነው ያለው አድራሻ ቢሮ ቁ S05S06 0902660722 0928460606 በTelegram ለማዘዝ ይጠቀሙ ለተጨማሪ ማብራሪያ የቴሌግራም ገፃችን,N/A,"O, O, O, O, O, O, O, O, O, O, O, O, O, O, I-PRICE, B-PRICE, I-PRICE, O, O, O, O, O, B-LOC, O, B-LOC, O, O, O, O, O, O, O, O, O",SKIPPED,SKIPPED
2pcs ዋጋ፦ 400 ብር ውስን ፍሬ ነው ያለው አድራሻ ቢሮ ቁ S05S06 0902660722 0928460606 በTelegram ለማዘዝ ይጠቀሙ ለተጨማሪ ማብራሪያ የቴሌግራም ገፃችን,N/A,"O, I-PRICE, B-PRICE, I-PRICE, O, O, O, O, O, B-LOC, O, B-LOC, O, O, O, O, O, O, O, O, O",SKIPPED,SKIPPED
6 የጫማ ማስቀመጫ ባለ ስድስት ደረጃ ቦታ ቆጣቢ ሲዘረጋ 27cm27cm86cm ስፋት ከጠንካራ ፕላስቲክ የተሰራ ገጠማ የማይፈልግ 6 ጥንድ ጫማዎችን ይይዛል ዋጋ፦ 1900 ብር ውስን ፍሬ ነው ያለው አድራሻ ቢሮ ቁ S05S06 0902660722 0928460606 በTelegram ለማዘዝ ይጠቀሙ ለተጨማሪ ማብራሪያ የቴሌግራም ገፃችን,N/A,"O, O, O, O, O, O, O, O, O, O, O, O, O, O, O, O, O, O, O, O, I-PRICE, B-PRICE, I-PRICE, O, O, O, O, O, B-LOC, O, B-LOC, O, O, O, O, O, O, O, O, O",SKIPPED,SKIPPED
6 የጫማ ማስቀመጫ ባለ ስድስት ደረጃ ቦታ ቆጣቢ ሲዘረጋ 27cm27cm86cm ስፋት ከጠንካራ ፕላስቲክ የተሰራ ገጠማ የማይፈልግ 6 ጥንድ ጫማዎችን ይይዛል ዋጋ፦ 1900 ብር ውስን ፍሬ ነው ያለው አድራሻ ቢሮ ቁ S05S06 0902660722 0928460606 በTelegram ለማዘዝ ይጠቀሙ ለተጨማሪ ማብራሪያ የቴሌግራም ገፃችን,N/A,"O, O, O, O, O, O, O, O, O, O, O, O, O, O, O, O, O, O, O, O, I-PRICE, B-PRICE, I-PRICE, O, O, O, O, O, B-LOC, O, B-LOC, O, O, O, O, O, O, O, O, O",SKIPPED,SKIPPED
12pcs እስከ 230 ሙቀት የመቋቋም አቅም ያለው ዋጋ፦ 2000 ብር ውስን ፍሬ ነው ያለው አድራሻ ቢሮ ቁ S05S06 0902660722 0928460606 በTelegram ለማዘዝ ይጠቀሙ ለተጨማሪ ማብራሪያ የቴሌግራም ገፃችን,N/A,"O, O, O, O, O, O, O, I-PRICE, B-PRICE, I-PRICE, O, O, O, O, O, B-LOC, O, B-LOC, O, O, O, O, O, O, O, O, O",SKIPPED,SKIPPED
12pcs እስከ 230 ሙቀት የመቋቋም አቅም ያለው ዋጋ፦ 2000 ብር ውስን ፍሬ ነው ያለው አድራሻ ቢሮ ቁ S05S06 0902660722 0928460606 በTelegram ለማዘዝ ይጠቀሙ ለተጨማሪ ማብራሪያ የቴሌግራም ገፃችን,N/A,"O, O, O, O, O, O, O, I-PRICE, B-PRICE, I-PRICE, O, O, O, O, O, B-LOC, O, B-LOC, O, O, O, O, O, O, O, O, O",SKIPPED,SKIPPED
ዋጋ፦ 500 ብር ውስን ፍሬ ነው ያለው አድራሻ ቢሮ ቁ S05S06 0902660722 0928460606 በTelegram ለማዘዝ ይጠቀሙ ለተጨማሪ ማብራሪያ የቴሌግራም ገፃችን,N/A,"I-PRICE, B-PRICE, I-PRICE, O, O, O, O, O, B-LOC, O, B-LOC, O, O, O, O, O, O, O, O, O",SKIPPED,SKIPPED
ዋጋ፦ 500 ብር ውስን ፍሬ ነው ያለው አድራሻ ቢሮ ቁ S05S06 0902660722 0928460606 በTelegram ለማዘዝ ይጠቀሙ ለተጨማሪ ማብራሪያ የቴሌግራም ገፃችን,N/A,"I-PRICE, B-PRICE, I-PRICE, O, O, O, O, O, B-LOC, O, B-LOC, O, O, O, O, O, O, O, O, O",SKIPPED,SKIPPED
ዋጋ፦ 500 ብር ውስን ፍሬ ነው ያለው አድራሻ ቢሮ ቁ S05S06 0902660722 0928460606 በTelegram ለማዘዝ ይጠቀሙ ለተጨማሪ ማብራሪያ የቴሌግራም ገፃችን,N/A,"I-PRICE, B-PRICE, I-PRICE, O, O, O, O, O, B-LOC, O, B-LOC, O, O, O, O, O, O, O, O, O",SKIPPED,SKIPPED
የብረቱ ላፕቶፕ ጭን ላይ አስቀምጠው መጠቀም ለከፋ ጉዳት እንደሚያጋልጥ የጤና ባለሙያዎች ይናገራሉ ፤ እንዲሁም ቴብል ላይ አድርገዉ ሲጠቀሙ ፋኑ ስለሚደፈን ከፍተኛ ሙቀት በመፍጠር ድምፅ ያሰማል። ለዚህ ሁሉ መፍትሄ ተጣጣፊ የላፕቶፕ ፣ ታብሌት በተመጣጣኝ ዋጋ ገዝተዉ የእርስዎንና የላፕቶፕዎን ጤንነት ይጠብቁ ዋጋ፦ 1000 ብር ውስን ፍሬ ነው ያለው አድራሻ ቢሮ ቁ S05S06 0902660722 0928460606 በTelegram ለማዘዝ ይጠቀሙ ለተጨማሪ ማብራሪያ የቴሌግራም ገፃችን,N/A,"O, O, O, O, O, O, O, O, O, O, O, O, O, O, O, O, O, O, O, O, O, O, O, O, O, O, O, O, O, O, O, O, O, O, O, O, O, O, O, I-PRICE, B-PRICE, I-PRICE, O, O, O, O, O, B-LOC, O, B-LOC, O, O, O, O, O, O, O, O, O",SKIPPED,SKIPPED
የብረቱ ላፕቶፕ ጭን ላይ አስቀምጠው መጠቀም ለከፋ ጉዳት እንደሚያጋልጥ የጤና ባለሙያዎች ይናገራሉ ፤ እንዲሁም ቴብል ላይ አድርገዉ ሲጠቀሙ ፋኑ ስለሚደፈን ከፍተኛ ሙቀት በመፍጠር ድምፅ ያሰማል። ለዚህ ሁሉ መፍትሄ ተጣጣፊ የላፕቶፕ ፣ ታብሌት በተመጣጣኝ ዋጋ ገዝተዉ የእርስዎንና የላፕቶፕዎን ጤንነት ይጠብቁ ዋጋ፦ 1000 ብር ውስን ፍሬ ነው ያለው አድራሻ ቢሮ ቁ S05S06 0902660722 0928460606 በTelegram ለማዘዝ ይጠቀሙ ለተጨማሪ ማብራሪያ የቴሌግራም ገፃችን,N/A,"O, O, O, O, O, O, O, O, O, O, O, O, O, O, O, O, O, O, O, O, O, O, O, O, O, O, O, O, O, O, O, O, O, O, O, O, O, O, O, I-PRICE, B-PRICE, I-PRICE, O, O, O, O, O, B-LOC, O, B-LOC, O, O, O, O, O, O, O, O, O",SKIPPED,SKIPPED
